dia,numero
31/12/2025,50
31/12/2025,14
31/12/2024,22
31/12/2024,15
31/12/2023,28
31/12/2023,16
31/12/2022,72
31/12/2022,76
31/12/2021,73
31/12/2021,98
31/10/2025,74
31/10/2025,51
31/10/2025,85
31/10/2024,97
31/10/2024,85
31/10/2024,47
31/10/2023,88
31/10/2023,0
31/10/2023,64
31/10/2022,20
31/10/2022,79
31/10/2022,88
31/10/2021,46
31/10/2021,26
31/08/2025,65
31/08/2025,10
31/08/2025,9
31/08/2024,62
31/08/2024,4
31/08/2024,83
31/08/2023,92
31/08/2023,10
31/08/2023,32
31/08/2022,0
31/08/2022,22
31/08/2022,59
31/08/2021,20
31/08/2021,67
31/07/2025,87
31/07/2025,32
31/07/2025,93
31/07/2024,44
31/07/2024,25
31/07/2024,95
31/07/2023,38
31/07/2023,24
31/07/2023,97
31/07/2022,47
31/07/2022,9
31/07/2022,41
31/07/2021,32
31/07/2021,99
31/05/2025,8
31/05/2025,12
31/05/2025,44
31/05/2024,72
31/05/2024,40
31/05/2024,81
31/05/2023,35
31/05/2023,15
31/05/2023,83
31/05/2021,70
31/05/2021,41
31/03/2026,55
31/03/2026,8
31/03/2026,78
31/03/2025,79
31/03/2025,73
31/03/2025,24
31/03/2023,49
31/03/2023,29
31/03/2023,94
31/03/2022,49
31/03/2022,13
31/03/2021,80
31/03/2021,81
31/01/2026,52
31/01/2026,67
31/01/2026,63
31/01/2025,11
31/01/2025,94
31/01/2025,53
31/01/2024,1
31/01/2024,19
31/01/2024,17
31/01/2023,82
31/01/2023,53
31/01/2023,33
31/01/2022,23
31/01/2022,17
31/01/2021,62
31/01/2021,2
30/12/2025,79
30/12/2025,65
30/12/2025,74
30/12/2024,61
30/12/2024,39
30/12/2024,67
30/12/2023,81
30/12/2023,91
30/12/2023,55
30/12/2022,71
30/12/2022,69
30/12/2022,80
30/12/2021,56
30/12/2021,96
30/11/2025,80
30/11/2025,5
30/11/2025,78
30/11/2024,67
30/11/2024,5
30/11/2024,82
30/11/2023,68
30/11/2023,2
30/11/2023,31
30/11/2022,98
30/11/2022,69
30/11/2022,32
30/11/2021,93
30/11/2021,44
30/10/2025,71
30/10/2025,56
30/10/2025,38
30/10/2024,59
30/10/2024,44
30/10/2024,74
30/10/2023,34
30/10/2023,39
30/10/2023,68
30/10/2022,14
30/10/2022,43
30/10/2022,29
30/10/2021,26
30/10/2021,49
30/09/2025,40
30/09/2025,56
30/09/2025,15
30/09/2024,83
30/09/2024,45
30/09/2024,32
30/09/2023,30
30/09/2023,50
30/09/2023,36
30/09/2022,8
30/09/2022,34
30/09/2022,94
30/09/2021,48
30/09/2021,18
30/08/2025,24
30/08/2025,16
30/08/2025,27
30/08/2024,47
30/08/2024,63
30/08/2024,13
30/08/2023,99
30/08/2023,97
30/08/2023,82
30/08/2022,61
30/08/2022,24
30/08/2022,60
30/08/2021,86
30/08/2021,75
30/07/2025,31
30/07/2025,89
30/07/2025,92
30/07/2024,16
30/07/2024,79
30/07/2024,94
30/07/2023,13
30/07/2023,92
30/07/2023,40
30/07/2022,49
30/07/2022,18
30/07/2022,50
30/07/2021,73
30/07/2021,61
30/06/2025,80
30/06/2025,98
30/06/2025,91
30/06/2024,36
30/06/2024,65
30/06/2024,11
30/06/2023,74
30/06/2023,29
30/06/2023,31
30/06/2022,72
30/06/2022,88
30/06/2022,85
30/06/2021,17
30/06/2021,48
30/05/2025,37
30/05/2025,28
30/05/2025,62
30/05/2024,40
30/05/2024,8
30/05/2024,23
30/05/2023,16
30/05/2023,35
30/05/2023,90
30/05/2021,90
30/05/2021,87
30/04/2025,5
30/04/2025,39
30/04/2025,22
30/04/2024,93
30/04/2024,63
30/04/2024,22
30/04/2023,65
30/04/2023,29
30/04/2023,96
30/04/2022,59
30/04/2022,83
30/04/2021,0
30/04/2021,99
30/03/2026,45
30/03/2026,11
30/03/2026,17
30/03/2025,18
30/03/2025,11
30/03/2025,26
30/03/2023,8
30/03/2023,97
30/03/2023,96
30/03/2022,91
30/03/2022,70
30/03/2021,53
30/03/2021,70
30/01/2026,82
30/01/2026,92
30/01/2026,36
30/01/2025,90
30/01/2025,53
30/01/2025,3
30/01/2024,14
30/01/2024,38
30/01/2024,27
30/01/2023,9
30/01/2023,44
30/01/2023,4
30/01/2022,53
30/01/2022,23
30/01/2021,92
30/01/2021,76
29/12/2025,2
29/12/2025,75
29/12/2025,1
29/12/2024,35
29/12/2024,19
29/12/2024,49
29/12/2023,40
29/12/2023,38
29/12/2023,68
29/12/2022,38
29/12/2022,52
29/12/2022,91
29/12/2021,88
29/12/2021,77
29/11/2025,73
29/11/2025,55
29/11/2025,25
29/11/2024,15
29/11/2024,35
29/11/2024,74
29/11/2023,64
29/11/2023,41
29/11/2023,98
29/11/2022,57
29/11/2022,76
29/11/2022,48
29/11/2021,51
29/11/2021,11
29/10/2025,35
29/10/2025,43
29/10/2025,51
29/10/2024,31
29/10/2024,69
29/10/2024,34
29/10/2023,88
29/10/2023,69
29/10/2023,84
29/10/2022,34
29/10/2022,12
29/10/2022,44
29/10/2021,53
29/10/2021,44
29/09/2025,55
29/09/2025,68
29/09/2025,96
29/09/2024,23
29/09/2024,59
29/09/2024,50
29/09/2023,24
29/09/2023,57
29/09/2023,70
29/09/2022,39
29/09/2022,49
29/09/2022,57
29/09/2021,52
29/09/2021,69
29/08/2025,35
29/08/2025,45
29/08/2025,21
29/08/2024,59
29/08/2024,13
29/08/2024,6
29/08/2023,21
29/08/2023,70
29/08/2023,42
29/08/2022,22
29/08/2022,5
29/08/2022,58
29/08/2021,87
29/08/2021,94
29/07/2025,74
29/07/2025,65
29/07/2025,67
29/07/2024,20
29/07/2024,28
29/07/2024,87
29/07/2023,47
29/07/2023,45
29/07/2023,9
29/07/2022,97
29/07/2022,69
29/07/2022,56
29/07/2021,96
29/07/2021,31
29/06/2025,2
29/06/2025,6
29/06/2025,55
29/06/2024,64
29/06/2024,43
29/06/2024,79
29/06/2023,40
29/06/2023,88
29/06/2023,21
29/06/2022,1
29/06/2022,46
29/06/2022,96
29/06/2021,99
29/06/2021,92
29/05/2025,97
29/05/2025,65
29/05/2025,87
29/05/2024,28
29/05/2024,46
29/05/2024,1
29/05/2023,27
29/05/2023,92
29/05/2023,21
29/05/2022,66
29/05/2022,34
29/05/2021,18
29/05/2021,1
29/04/2025,80
29/04/2025,92
29/04/2025,3
29/04/2024,49
29/04/2024,13
29/04/2024,29
29/04/2023,25
29/04/2023,70
29/04/2023,61
29/04/2022,90
29/04/2021,89
29/04/2021,1
29/03/2026,14
29/03/2026,33
29/03/2026,46
29/03/2025,64
29/03/2025,57
29/03/2025,10
29/03/2023,23
29/03/2023,93
29/03/2023,23
29/03/2022,67
29/03/2022,49
29/03/2021,79
29/03/2021,16
29/02/2024,31
29/02/2024,98
29/02/2024,72
29/01/2026,99
29/01/2026,16
29/01/2026,66
29/01/2025,75
29/01/2025,20
29/01/2025,75
29/01/2024,51
29/01/2024,1
29/01/2024,33
29/01/2023,6
29/01/2023,59
29/01/2023,60
29/01/2022,86
29/01/2022,5
29/01/2021,43
29/01/2021,51
28/12/2025,78
28/12/2025,80
28/12/2025,35
28/12/2024,29
28/12/2024,46
28/12/2024,33
28/12/2023,38
28/12/2023,95
28/12/2023,34
28/12/2022,39
28/12/2022,59
28/12/2022,0
28/12/2021,31
28/12/2021,75
28/11/2025,12
28/11/2025,78
28/11/2025,10
28/11/2024,72
28/11/2024,64
28/11/2024,79
28/11/2023,75
28/11/2023,52
28/11/2023,36
28/11/2022,46
28/11/2022,57
28/11/2022,12
28/11/2021,15
28/11/2021,25
28/10/2025,18
28/10/2025,9
28/10/2025,22
28/10/2024,26
28/10/2024,58
28/10/2024,15
28/10/2023,28
28/10/2023,95
28/10/2023,4
28/10/2022,66
28/10/2022,64
28/10/2022,35
28/10/2021,88
28/10/2021,34
28/09/2025,47
28/09/2025,35
28/09/2025,24
28/09/2024,0
28/09/2024,49
28/09/2024,42
28/09/2023,15
28/09/2023,63
28/09/2023,69
28/09/2022,90
28/09/2022,79
28/09/2022,68
28/09/2021,23
28/09/2021,31
28/08/2025,34
28/08/2025,69
28/08/2025,30
28/08/2024,29
28/08/2024,94
28/08/2024,44
28/08/2023,32
28/08/2023,3
28/08/2023,91
28/08/2022,18
28/08/2022,25
28/08/2022,3
28/08/2021,13
28/08/2021,69
28/07/2025,38
28/07/2025,4
28/07/2025,53
28/07/2024,66
28/07/2024,30
28/07/2024,46
28/07/2023,91
28/07/2023,37
28/07/2023,91
28/07/2022,47
28/07/2022,99
28/07/2022,4
28/07/2021,5
28/07/2021,88
28/06/2025,93
28/06/2025,60
28/06/2025,26
28/06/2024,89
28/06/2024,43
28/06/2024,20
28/06/2023,54
28/06/2023,39
28/06/2023,22
28/06/2022,97
28/06/2022,89
28/06/2022,89
28/06/2021,73
28/06/2021,97
28/05/2025,3
28/05/2025,96
28/05/2025,33
28/05/2024,56
28/05/2024,14
28/05/2024,91
28/05/2023,2
28/05/2023,64
28/05/2023,22
28/05/2022,67
28/05/2021,75
28/05/2021,7
28/04/2025,51
28/04/2025,40
28/04/2025,22
28/04/2024,95
28/04/2024,41
28/04/2024,9
28/04/2023,73
28/04/2023,36
28/04/2023,4
28/04/2021,43
28/04/2021,79
28/03/2026,62
28/03/2026,46
28/03/2026,42
28/03/2025,13
28/03/2025,49
28/03/2025,24
28/03/2023,93
28/03/2023,99
28/03/2023,7
28/03/2022,22
28/03/2022,54
28/03/2021,31
28/03/2021,89
28/02/2026,10
28/02/2026,14
28/02/2026,80
28/02/2025,27
28/02/2025,79
28/02/2025,64
28/02/2024,29
28/02/2024,23
28/02/2024,97
28/02/2023,62
28/02/2023,50
28/02/2023,64
28/02/2022,1
28/02/2022,1
28/02/2021,39
28/02/2021,42
28/01/2026,27
28/01/2026,72
28/01/2026,69
28/01/2025,55
28/01/2025,17
28/01/2025,55
28/01/2024,33
28/01/2024,49
28/01/2024,7
28/01/2023,64
28/01/2023,3
28/01/2023,71
28/01/2022,95
28/01/2022,38
28/01/2021,12
28/01/2021,91
27/12/2025,9
27/12/2025,18
27/12/2025,91
27/12/2024,61
27/12/2024,73
27/12/2024,15
27/12/2023,32
27/12/2023,95
27/12/2023,18
27/12/2022,77
27/12/2022,40
27/12/2022,57
27/12/2021,73
27/12/2021,85
27/11/2025,31
27/11/2025,43
27/11/2025,87
27/11/2024,40
27/11/2024,89
27/11/2024,64
27/11/2023,60
27/11/2023,89
27/11/2023,10
27/11/2022,58
27/11/2022,9
27/11/2022,53
27/11/2021,39
27/11/2021,12
27/10/2025,56
27/10/2025,53
27/10/2025,39
27/10/2024,9
27/10/2024,73
27/10/2024,83
27/10/2023,75
27/10/2023,90
27/10/2023,27
27/10/2022,70
27/10/2022,73
27/10/2022,29
27/10/2021,37
27/10/2021,47
27/09/2025,54
27/09/2025,72
27/09/2025,73
27/09/2024,94
27/09/2024,13
27/09/2024,51
27/09/2023,57
27/09/2023,23
27/09/2023,54
27/09/2022,24
27/09/2022,37
27/09/2022,14
27/09/2021,31
27/09/2021,52
27/08/2025,68
27/08/2025,38
27/08/2025,16
27/08/2024,11
27/08/2024,78
27/08/2024,26
27/08/2023,30
27/08/2023,48
27/08/2023,67
27/08/2022,99
27/08/2022,30
27/08/2022,9
27/08/2021,95
27/08/2021,16
27/07/2025,25
27/07/2025,4
27/07/2025,69
27/07/2024,39
27/07/2024,13
27/07/2024,53
27/07/2023,76
27/07/2023,20
27/07/2023,97
27/07/2022,8
27/07/2022,25
27/07/2022,72
27/07/2021,17
27/07/2021,49
27/06/2025,9
27/06/2025,30
27/06/2025,79
27/06/2024,14
27/06/2024,21
27/06/2024,0
27/06/2023,0
27/06/2023,35
27/06/2023,66
27/06/2022,44
27/06/2022,88
27/06/2022,94
27/06/2021,36
27/06/2021,4
27/05/2025,99
27/05/2025,52
27/05/2025,26
27/05/2024,16
27/05/2024,76
27/05/2024,52
27/05/2023,80
27/05/2023,9
27/05/2023,13
27/05/2022,17
27/05/2021,99
27/05/2021,25
27/04/2025,7
27/04/2025,29
27/04/2025,21
27/04/2024,13
27/04/2024,65
27/04/2024,83
27/04/2023,71
27/04/2023,87
27/04/2023,32
27/04/2021,14
27/04/2021,68
27/03/2026,7
27/03/2026,23
27/03/2026,28
27/03/2025,72
27/03/2025,65
27/03/2025,22
27/03/2024,96
27/03/2024,35
27/03/2024,34
27/03/2023,39
27/03/2023,83
27/03/2023,22
27/03/2022,59
27/03/2022,1
27/03/2021,15
27/03/2021,25
27/02/2026,18
27/02/2026,59
27/02/2026,98
27/02/2025,57
27/02/2025,27
27/02/2025,63
27/02/2024,89
27/02/2024,43
27/02/2024,84
27/02/2023,46
27/02/2023,30
27/02/2023,29
27/02/2022,60
27/02/2022,98
27/02/2021,74
27/02/2021,89
27/01/2026,97
27/01/2026,3
27/01/2026,58
27/01/2025,32
27/01/2025,25
27/01/2025,99
27/01/2024,69
27/01/2024,44
27/01/2024,1
27/01/2023,29
27/01/2023,84
27/01/2023,72
27/01/2022,72
27/01/2022,14
27/01/2021,7
27/01/2021,91
26/12/2025,76
26/12/2025,15
26/12/2025,69
26/12/2024,82
26/12/2024,14
26/12/2024,70
26/12/2023,27
26/12/2023,2
26/12/2023,84
26/12/2022,13
26/12/2022,53
26/12/2022,47
26/12/2021,55
26/12/2021,55
26/11/2025,15
26/11/2025,40
26/11/2025,29
26/11/2024,23
26/11/2024,46
26/11/2024,37
26/11/2023,98
26/11/2023,89
26/11/2023,15
26/11/2022,10
26/11/2022,97
26/11/2022,59
26/11/2021,55
26/11/2021,35
26/10/2025,55
26/10/2025,0
26/10/2025,77
26/10/2024,60
26/10/2024,63
26/10/2024,7
26/10/2023,78
26/10/2023,52
26/10/2023,89
26/10/2022,63
26/10/2022,98
26/10/2022,5
26/10/2021,39
26/10/2021,40
26/09/2025,50
26/09/2025,1
26/09/2025,72
26/09/2024,23
26/09/2024,54
26/09/2024,54
26/09/2023,40
26/09/2023,87
26/09/2023,67
26/09/2022,41
26/09/2022,61
26/09/2022,32
26/09/2021,31
26/09/2021,65
26/08/2025,19
26/08/2025,58
26/08/2025,39
26/08/2024,96
26/08/2024,40
26/08/2024,95
26/08/2023,66
26/08/2023,44
26/08/2023,35
26/08/2022,81
26/08/2022,89
26/08/2022,34
26/08/2021,22
26/08/2021,81
26/07/2025,29
26/07/2025,31
26/07/2025,80
26/07/2024,91
26/07/2024,72
26/07/2024,99
26/07/2023,49
26/07/2023,32
26/07/2023,92
26/07/2022,77
26/07/2022,6
26/07/2022,69
26/07/2021,59
26/07/2021,57
26/06/2025,34
26/06/2025,98
26/06/2025,34
26/06/2024,65
26/06/2024,58
26/06/2024,45
26/06/2023,53
26/06/2023,62
26/06/2023,30
26/06/2022,34
26/06/2022,22
26/06/2022,9
26/06/2021,5
26/06/2021,53
26/05/2025,42
26/05/2025,86
26/05/2025,62
26/05/2024,69
26/05/2024,42
26/05/2024,73
26/05/2023,61
26/05/2023,98
26/05/2023,60
26/05/2021,19
26/05/2021,48
26/04/2025,69
26/04/2025,81
26/04/2025,8
26/04/2024,10
26/04/2024,92
26/04/2024,35
26/04/2023,86
26/04/2023,79
26/04/2023,55
26/04/2021,49
26/04/2021,68
26/03/2026,6
26/03/2026,58
26/03/2026,1
26/03/2025,50
26/03/2025,97
26/03/2025,4
26/03/2024,25
26/03/2024,50
26/03/2024,33
26/03/2023,85
26/03/2023,37
26/03/2023,16
26/03/2022,61
26/03/2022,25
26/03/2021,69
26/03/2021,33
26/02/2026,37
26/02/2026,1
26/02/2026,91
26/02/2025,38
26/02/2025,59
26/02/2025,21
26/02/2024,12
26/02/2024,49
26/02/2024,53
26/02/2023,7
26/02/2023,94
26/02/2023,67
26/02/2022,81
26/02/2022,53
26/02/2021,14
26/02/2021,59
26/01/2026,44
26/01/2026,34
26/01/2026,83
26/01/2025,47
26/01/2025,94
26/01/2025,9
26/01/2024,87
26/01/2024,89
26/01/2024,10
26/01/2023,17
26/01/2023,67
26/01/2023,93
26/01/2022,65
26/01/2022,12
26/01/2021,88
26/01/2021,1
25/11/2025,49
25/11/2025,81
25/11/2025,91
25/11/2024,94
25/11/2024,67
25/11/2024,72
25/11/2023,21
25/11/2023,48
25/11/2023,51
25/11/2022,91
25/11/2022,46
25/11/2022,4
25/11/2021,46
25/11/2021,70
25/10/2025,50
25/10/2025,9
25/10/2025,51
25/10/2024,75
25/10/2024,36
25/10/2024,63
25/10/2023,5
25/10/2023,98
25/10/2023,39
25/10/2022,19
25/10/2022,11
25/10/2022,24
25/10/2021,78
25/10/2021,22
25/09/2025,4
25/09/2025,5
25/09/2025,38
25/09/2024,22
25/09/2024,59
25/09/2024,22
25/09/2023,75
25/09/2023,6
25/09/2023,4
25/09/2022,78
25/09/2022,22
25/09/2022,38
25/09/2021,62
25/09/2021,81
25/08/2025,3
25/08/2025,19
25/08/2025,21
25/08/2024,89
25/08/2024,19
25/08/2024,48
25/08/2023,0
25/08/2023,78
25/08/2023,19
25/08/2022,14
25/08/2022,28
25/08/2022,48
25/08/2021,5
25/08/2021,35
25/07/2025,54
25/07/2025,75
25/07/2025,39
25/07/2024,40
25/07/2024,77
25/07/2024,30
25/07/2023,15
25/07/2023,82
25/07/2023,29
25/07/2022,78
25/07/2022,96
25/07/2022,15
25/07/2021,38
25/07/2021,31
25/06/2025,28
25/06/2025,78
25/06/2025,33
25/06/2024,90
25/06/2024,88
25/06/2024,70
25/06/2023,94
25/06/2023,77
25/06/2023,59
25/06/2022,94
25/06/2022,79
25/06/2022,84
25/06/2021,48
25/06/2021,67
25/05/2025,89
25/05/2025,14
25/05/2025,63
25/05/2024,51
25/05/2024,17
25/05/2024,41
25/05/2023,61
25/05/2023,30
25/05/2023,52
25/05/2022,80
25/05/2021,68
25/05/2021,79
25/04/2025,53
25/04/2025,77
25/04/2025,16
25/04/2024,48
25/04/2024,72
25/04/2024,47
25/04/2023,75
25/04/2023,16
25/04/2023,11
25/04/2022,31
25/04/2021,58
25/04/2021,60
25/03/2026,9
25/03/2026,14
25/03/2026,72
25/03/2025,24
25/03/2025,8
25/03/2025,73
25/03/2024,51
25/03/2024,89
25/03/2024,9
25/03/2023,82
25/03/2023,51
25/03/2023,61
25/03/2022,10
25/03/2022,82
25/03/2021,77
25/03/2021,53
25/02/2026,14
25/02/2026,45
25/02/2026,64
25/02/2025,71
25/02/2025,31
25/02/2025,23
25/02/2024,50
25/02/2024,0
25/02/2024,80
25/02/2023,35
25/02/2023,43
25/02/2023,90
25/02/2022,92
25/02/2022,73
25/02/2021,4
25/02/2021,46
25/01/2026,18
25/01/2026,96
25/01/2026,85
25/01/2025,79
25/01/2025,10
25/01/2025,98
25/01/2024,64
25/01/2024,20
25/01/2024,64
25/01/2023,3
25/01/2023,78
25/01/2023,23
25/01/2022,83
25/01/2022,38
25/01/2021,91
25/01/2021,32
24/12/2025,52
24/12/2025,19
24/12/2024,10
24/12/2024,13
24/12/2023,72
24/12/2023,92
24/12/2022,30
24/12/2022,71
24/12/2021,72
24/12/2021,39
24/11/2025,4
24/11/2025,81
24/11/2025,38
24/11/2024,31
24/11/2024,66
24/11/2024,39
24/11/2023,4
24/11/2023,46
24/11/2023,69
24/11/2022,6
24/11/2022,28
24/11/2022,60
24/11/2021,77
24/11/2021,39
24/10/2025,2
24/10/2025,44
24/10/2025,17
24/10/2024,32
24/10/2024,21
24/10/2024,79
24/10/2023,29
24/10/2023,31
24/10/2023,71
24/10/2022,55
24/10/2022,85
24/10/2022,45
24/10/2021,80
24/10/2021,44
24/09/2025,70
24/09/2025,36
24/09/2025,52
24/09/2024,23
24/09/2024,19
24/09/2024,22
24/09/2023,74
24/09/2023,98
24/09/2023,11
24/09/2022,48
24/09/2022,77
24/09/2022,6
24/09/2021,30
24/09/2021,97
24/08/2025,83
24/08/2025,47
24/08/2025,51
24/08/2024,68
24/08/2024,52
24/08/2024,76
24/08/2023,1
24/08/2023,16
24/08/2023,88
24/08/2022,19
24/08/2022,33
24/08/2022,45
24/08/2021,32
24/08/2021,93
24/07/2025,64
24/07/2025,4
24/07/2025,88
24/07/2024,34
24/07/2024,96
24/07/2024,80
24/07/2023,91
24/07/2023,39
24/07/2023,55
24/07/2022,23
24/07/2022,46
24/07/2022,4
24/07/2021,30
24/07/2021,99
24/06/2025,13
24/06/2025,70
24/06/2025,62
24/06/2024,10
24/06/2024,53
24/06/2024,60
24/06/2023,56
24/06/2023,9
24/06/2023,64
24/06/2022,78
24/06/2022,14
24/06/2022,63
24/06/2021,69
24/06/2021,8
24/05/2025,15
24/05/2025,56
24/05/2025,37
24/05/2024,90
24/05/2024,80
24/05/2024,88
24/05/2023,90
24/05/2023,70
24/05/2023,75
24/05/2021,41
24/05/2021,52
24/04/2025,65
24/04/2025,43
24/04/2025,3
24/04/2024,11
24/04/2024,87
24/04/2024,32
24/04/2023,73
24/04/2023,62
24/04/2023,20
24/04/2022,26
24/04/2022,47
24/04/2022,56
24/04/2021,49
24/04/2021,71
24/03/2026,71
24/03/2026,71
24/03/2026,37
24/03/2025,81
24/03/2025,88
24/03/2025,54
24/03/2024,3
24/03/2024,27
24/03/2024,35
24/03/2023,34
24/03/2023,57
24/03/2023,7
24/03/2022,53
24/03/2022,92
24/03/2021,6
24/03/2021,10
24/02/2026,95
24/02/2026,32
24/02/2026,33
24/02/2025,26
24/02/2025,85
24/02/2025,9
24/02/2024,58
24/02/2024,46
24/02/2024,84
24/02/2023,16
24/02/2023,73
24/02/2023,57
24/02/2022,41
24/02/2022,58
24/02/2021,14
24/02/2021,52
24/01/2026,70
24/01/2026,24
24/01/2026,1
24/01/2025,62
24/01/2025,79
24/01/2025,78
24/01/2024,33
24/01/2024,19
24/01/2024,76
24/01/2023,61
24/01/2023,67
24/01/2023,76
24/01/2022,59
24/01/2022,16
24/01/2021,87
24/01/2021,97
23/12/2025,24
23/12/2025,17
23/12/2025,24
23/12/2024,85
23/12/2024,11
23/12/2024,62
23/12/2023,85
23/12/2023,86
23/12/2023,98
23/12/2022,90
23/12/2022,8
23/12/2022,50
23/12/2021,38
23/12/2021,9
23/11/2025,33
23/11/2025,62
23/11/2025,99
23/11/2024,23
23/11/2024,52
23/11/2024,83
23/11/2023,24
23/11/2023,83
23/11/2023,86
23/11/2022,58
23/11/2022,6
23/11/2022,59
23/11/2021,58
23/11/2021,9
23/10/2025,74
23/10/2025,1
23/10/2025,3
23/10/2024,27
23/10/2024,64
23/10/2024,48
23/10/2023,94
23/10/2023,67
23/10/2023,72
23/10/2022,10
23/10/2022,76
23/10/2022,33
23/10/2021,9
23/10/2021,31
23/09/2025,89
23/09/2025,84
23/09/2025,77
23/09/2024,87
23/09/2024,48
23/09/2024,1
23/09/2023,48
23/09/2023,9
23/09/2023,33
23/09/2022,69
23/09/2022,66
23/09/2022,46
23/09/2021,25
23/09/2021,36
23/08/2025,14
23/08/2025,0
23/08/2025,7
23/08/2024,96
23/08/2024,95
23/08/2024,75
23/08/2023,91
23/08/2023,44
23/08/2023,37
23/08/2022,9
23/08/2022,12
23/08/2022,28
23/08/2021,13
23/08/2021,35
23/07/2025,30
23/07/2025,71
23/07/2025,35
23/07/2024,30
23/07/2024,25
23/07/2024,48
23/07/2023,28
23/07/2023,36
23/07/2023,60
23/07/2022,37
23/07/2022,8
23/07/2022,68
23/07/2021,3
23/07/2021,76
23/06/2025,32
23/06/2025,12
23/06/2025,4
23/06/2024,50
23/06/2024,71
23/06/2024,42
23/06/2023,41
23/06/2023,21
23/06/2023,27
23/06/2022,98
23/06/2022,40
23/06/2022,32
23/06/2021,90
23/06/2021,61
23/05/2025,9
23/05/2025,93
23/05/2025,94
23/05/2024,40
23/05/2024,94
23/05/2024,83
23/05/2023,22
23/05/2023,83
23/05/2023,89
23/05/2022,38
23/05/2021,67
23/05/2021,73
23/04/2025,69
23/04/2025,93
23/04/2025,84
23/04/2024,61
23/04/2024,89
23/04/2024,3
23/04/2023,75
23/04/2023,73
23/04/2023,81
23/04/2022,86
23/04/2022,39
23/04/2022,17
23/04/2021,47
23/04/2021,65
23/03/2026,4
23/03/2026,25
23/03/2026,99
23/03/2025,60
23/03/2025,2
23/03/2025,44
23/03/2024,2
23/03/2024,95
23/03/2024,54
23/03/2023,13
23/03/2023,93
23/03/2023,43
23/03/2022,33
23/03/2022,21
23/03/2021,43
23/03/2021,43
23/02/2026,4
23/02/2026,99
23/02/2026,43
23/02/2025,90
23/02/2025,99
23/02/2025,76
23/02/2024,91
23/02/2024,35
23/02/2024,6
23/02/2023,97
23/02/2023,44
23/02/2023,38
23/02/2022,76
23/02/2022,18
23/02/2021,4
23/02/2021,57
23/01/2026,80
23/01/2026,31
23/01/2026,45
23/01/2025,78
23/01/2025,44
23/01/2025,7
23/01/2024,28
23/01/2024,47
23/01/2024,51
23/01/2023,48
23/01/2023,92
23/01/2023,59
23/01/2022,1
23/01/2022,88
23/01/2021,18
23/01/2021,49
22/12/2025,9
22/12/2025,37
22/12/2025,8
22/12/2024,38
22/12/2024,76
22/12/2024,97
22/12/2023,79
22/12/2023,79
22/12/2023,92
22/12/2022,51
22/12/2022,99
22/12/2022,70
22/12/2021,34
22/12/2021,80
22/11/2025,49
22/11/2025,37
22/11/2025,45
22/11/2024,11
22/11/2024,42
22/11/2024,58
22/11/2023,84
22/11/2023,78
22/11/2023,9
22/11/2022,14
22/11/2022,74
22/11/2022,99
22/11/2021,99
22/11/2021,32
22/10/2025,32
22/10/2025,80
22/10/2025,13
22/10/2024,41
22/10/2024,99
22/10/2024,82
22/10/2023,11
22/10/2023,8
22/10/2023,98
22/10/2022,80
22/10/2022,22
22/10/2022,65
22/10/2021,99
22/10/2021,83
22/09/2025,22
22/09/2025,32
22/09/2025,93
22/09/2024,14
22/09/2024,9
22/09/2024,71
22/09/2023,46
22/09/2023,43
22/09/2023,1
22/09/2022,24
22/09/2022,22
22/09/2022,93
22/09/2021,70
22/09/2021,2
22/08/2025,76
22/08/2025,40
22/08/2025,21
22/08/2024,77
22/08/2024,19
22/08/2024,47
22/08/2023,42
22/08/2023,29
22/08/2023,9
22/08/2022,20
22/08/2022,41
22/08/2022,12
22/08/2021,5
22/08/2021,30
22/07/2025,96
22/07/2025,53
22/07/2025,29
22/07/2024,33
22/07/2024,69
22/07/2024,84
22/07/2023,52
22/07/2023,42
22/07/2023,28
22/07/2022,79
22/07/2022,69
22/07/2022,46
22/07/2021,0
22/07/2021,27
22/06/2025,4
22/06/2025,73
22/06/2025,13
22/06/2024,68
22/06/2024,42
22/06/2024,14
22/06/2023,13
22/06/2023,46
22/06/2023,79
22/06/2022,99
22/06/2022,5
22/06/2022,21
22/06/2021,71
22/06/2021,86
22/05/2025,88
22/05/2025,42
22/05/2025,38
22/05/2024,33
22/05/2024,60
22/05/2024,60
22/05/2023,13
22/05/2023,95
22/05/2023,31
22/05/2021,24
22/05/2021,89
22/04/2025,27
22/04/2025,27
22/04/2025,80
22/04/2024,4
22/04/2024,96
22/04/2024,90
22/04/2023,82
22/04/2023,53
22/04/2023,75
22/04/2022,17
22/04/2022,20
22/04/2022,73
22/04/2021,73
22/04/2021,84
22/03/2026,13
22/03/2026,22
22/03/2026,14
22/03/2025,40
22/03/2025,63
22/03/2025,35
22/03/2024,24
22/03/2024,4
22/03/2024,44
22/03/2023,13
22/03/2023,65
22/03/2023,40
22/03/2022,64
22/03/2022,9
22/03/2021,20
22/03/2021,61
22/02/2026,91
22/02/2026,96
22/02/2026,0
22/02/2025,98
22/02/2025,81
22/02/2025,41
22/02/2024,43
22/02/2024,48
22/02/2024,0
22/02/2023,45
22/02/2023,65
22/02/2023,38
22/02/2022,55
22/02/2022,89
22/02/2021,44
22/02/2021,90
22/01/2026,89
22/01/2026,78
22/01/2026,13
22/01/2025,44
22/01/2025,29
22/01/2025,51
22/01/2024,45
22/01/2024,63
22/01/2024,95
22/01/2023,69
22/01/2023,22
22/01/2023,78
22/01/2022,24
22/01/2022,67
22/01/2021,19
22/01/2021,33
21/12/2025,37
21/12/2025,87
21/12/2025,82
21/12/2024,93
21/12/2024,87
21/12/2024,76
21/12/2023,42
21/12/2023,35
21/12/2023,4
21/12/2022,96
21/12/2022,89
21/12/2022,67
21/12/2021,27
21/12/2021,43
21/11/2025,91
21/11/2025,45
21/11/2025,2
21/11/2024,86
21/11/2024,99
21/11/2024,7
21/11/2023,42
21/11/2023,41
21/11/2023,27
21/11/2022,90
21/11/2022,10
21/11/2022,73
21/11/2021,80
21/11/2021,52
21/10/2025,73
21/10/2025,52
21/10/2025,31
21/10/2024,37
21/10/2024,23
21/10/2024,2
21/10/2023,62
21/10/2023,82
21/10/2023,90
21/10/2022,39
21/10/2022,2
21/10/2022,90
21/10/2021,14
21/10/2021,84
21/09/2025,3
21/09/2025,90
21/09/2025,60
21/09/2024,15
21/09/2024,42
21/09/2024,24
21/09/2023,43
21/09/2023,92
21/09/2023,83
21/09/2022,13
21/09/2022,14
21/09/2022,61
21/09/2021,80
21/09/2021,24
21/08/2025,11
21/08/2025,7
21/08/2025,3
21/08/2024,23
21/08/2024,59
21/08/2024,62
21/08/2023,1
21/08/2023,71
21/08/2023,93
21/08/2022,83
21/08/2022,87
21/08/2022,11
21/08/2021,97
21/08/2021,73
21/07/2025,57
21/07/2025,40
21/07/2025,89
21/07/2024,57
21/07/2024,17
21/07/2024,53
21/07/2023,39
21/07/2023,89
21/07/2023,30
21/07/2022,36
21/07/2022,36
21/07/2022,59
21/07/2021,5
21/07/2021,86
21/06/2025,2
21/06/2025,87
21/06/2025,55
21/06/2024,79
21/06/2024,90
21/06/2024,80
21/06/2023,90
21/06/2023,66
21/06/2023,96
21/06/2022,92
21/06/2022,72
21/06/2022,52
21/06/2021,12
21/06/2021,49
21/05/2025,81
21/05/2025,17
21/05/2025,40
21/05/2024,84
21/05/2024,38
21/05/2024,48
21/05/2023,55
21/05/2023,23
21/05/2023,55
21/05/2022,30
21/05/2022,21
21/05/2021,10
21/05/2021,21
21/04/2025,47
21/04/2025,43
21/04/2025,68
21/04/2024,14
21/04/2024,7
21/04/2024,90
21/04/2023,71
21/04/2023,22
21/04/2023,86
21/04/2022,64
21/04/2022,12
21/04/2022,82
21/04/2021,14
21/04/2021,76
21/03/2026,77
21/03/2026,53
21/03/2026,48
21/03/2025,77
21/03/2025,3
21/03/2025,38
21/03/2024,36
21/03/2024,13
21/03/2024,97
21/03/2023,16
21/03/2023,82
21/03/2023,67
21/03/2022,66
21/03/2022,39
21/03/2021,64
21/03/2021,51
21/02/2026,24
21/02/2026,97
21/02/2026,87
21/02/2025,27
21/02/2025,54
21/02/2025,93
21/02/2024,72
21/02/2024,20
21/02/2024,23
21/02/2023,8
21/02/2023,57
21/02/2023,58
21/02/2022,43
21/02/2022,50
21/02/2021,70
21/02/2021,17
21/01/2026,9
21/01/2026,68
21/01/2026,37
21/01/2025,14
21/01/2025,23
21/01/2025,95
21/01/2024,95
21/01/2024,60
21/01/2024,44
21/01/2023,18
21/01/2023,57
21/01/2023,94
21/01/2022,0
21/01/2022,92
21/01/2021,52
21/01/2021,76
20/12/2025,0
20/12/2025,67
20/12/2025,1
20/12/2024,40
20/12/2024,52
20/12/2024,51
20/12/2023,70
20/12/2023,43
20/12/2023,32
20/12/2022,90
20/12/2022,87
20/12/2022,26
20/12/2021,87
20/12/2021,63
20/11/2025,7
20/11/2025,79
20/11/2025,88
20/11/2024,66
20/11/2024,98
20/11/2024,94
20/11/2023,9
20/11/2023,8
20/11/2023,42
20/11/2022,90
20/11/2022,66
20/11/2022,66
20/11/2021,53
20/11/2021,13
20/10/2025,47
20/10/2025,91
20/10/2025,12
20/10/2024,87
20/10/2024,60
20/10/2024,70
20/10/2023,57
20/10/2023,66
20/10/2023,81
20/10/2022,53
20/10/2022,86
20/10/2022,69
20/10/2021,99
20/10/2021,97
20/09/2025,69
20/09/2025,75
20/09/2025,25
20/09/2024,36
20/09/2024,77
20/09/2024,90
20/09/2023,62
20/09/2023,87
20/09/2023,37
20/09/2022,9
20/09/2022,68
20/09/2022,5
20/09/2021,48
20/09/2021,86
20/08/2025,2
20/08/2025,43
20/08/2025,16
20/08/2024,8
20/08/2024,18
20/08/2024,49
20/08/2023,71
20/08/2023,64
20/08/2023,94
20/08/2022,91
20/08/2022,76
20/08/2022,52
20/08/2021,42
20/08/2021,85
20/07/2025,6
20/07/2025,31
20/07/2025,46
20/07/2024,68
20/07/2024,2
20/07/2024,91
20/07/2023,12
20/07/2023,85
20/07/2023,61
20/07/2022,66
20/07/2022,57
20/07/2022,1
20/07/2021,60
20/07/2021,77
20/06/2025,65
20/06/2025,28
20/06/2025,23
20/06/2024,63
20/06/2024,51
20/06/2024,31
20/06/2023,63
20/06/2023,0
20/06/2023,76
20/06/2022,12
20/06/2022,0
20/06/2022,62
20/06/2021,71
20/06/2021,66
20/05/2025,35
20/05/2025,41
20/05/2025,55
20/05/2024,18
20/05/2024,91
20/05/2024,37
20/05/2023,98
20/05/2023,65
20/05/2023,80
20/05/2022,40
20/05/2021,22
20/05/2021,87
20/04/2024,61
20/04/2024,21
20/04/2024,77
20/04/2023,82
20/04/2023,58
20/04/2023,21
20/04/2022,65
20/04/2022,21
20/04/2022,55
20/04/2021,82
20/04/2021,94
20/03/2026,77
20/03/2026,21
20/03/2026,22
20/03/2025,87
20/03/2025,90
20/03/2025,83
20/03/2024,20
20/03/2024,48
20/03/2024,15
20/03/2023,32
20/03/2023,14
20/03/2023,9
20/03/2022,91
20/03/2022,45
20/03/2021,4
20/03/2021,25
20/02/2026,86
20/02/2026,97
20/02/2026,21
20/02/2025,64
20/02/2025,95
20/02/2025,28
20/02/2024,42
20/02/2024,97
20/02/2024,30
20/02/2023,63
20/02/2023,56
20/02/2023,41
20/02/2022,45
20/02/2022,77
20/02/2021,68
20/02/2021,16
20/01/2026,25
20/01/2026,39
20/01/2026,76
20/01/2025,36
20/01/2025,7
20/01/2025,45
20/01/2024,48
20/01/2024,62
20/01/2024,67
20/01/2023,46
20/01/2023,14
20/01/2023,6
20/01/2022,90
20/01/2022,48
20/01/2021,41
20/01/2021,65
19/12/2025,97
19/12/2025,63
19/12/2025,72
19/12/2024,12
19/12/2024,72
19/12/2024,8
19/12/2023,73
19/12/2023,59
19/12/2023,36
19/12/2022,35
19/12/2022,49
19/12/2022,40
19/12/2021,44
19/12/2021,19
19/11/2025,84
19/11/2025,56
19/11/2025,15
19/11/2024,28
19/11/2024,14
19/11/2024,36
19/11/2023,60
19/11/2023,51
19/11/2023,27
19/11/2022,21
19/11/2022,18
19/11/2022,94
19/11/2021,46
19/11/2021,14
19/10/2025,62
19/10/2025,55
19/10/2025,60
19/10/2024,36
19/10/2024,53
19/10/2024,77
19/10/2023,31
19/10/2023,20
19/10/2023,68
19/10/2022,34
19/10/2022,90
19/10/2022,88
19/10/2021,49
19/10/2021,70
19/09/2025,20
19/09/2025,22
19/09/2025,14
19/09/2024,19
19/09/2024,75
19/09/2024,39
19/09/2023,46
19/09/2023,35
19/09/2023,17
19/09/2022,29
19/09/2022,50
19/09/2022,5
19/09/2021,15
19/09/2021,61
19/08/2025,76
19/08/2025,79
19/08/2025,78
19/08/2024,53
19/08/2024,88
19/08/2024,91
19/08/2023,78
19/08/2023,19
19/08/2023,61
19/08/2022,96
19/08/2022,26
19/08/2022,76
19/08/2021,19
19/08/2021,45
19/07/2025,85
19/07/2025,47
19/07/2025,89
19/07/2024,6
19/07/2024,35
19/07/2024,98
19/07/2023,61
19/07/2023,25
19/07/2023,75
19/07/2022,61
19/07/2022,36
19/07/2022,26
19/07/2021,32
19/07/2021,42
19/06/2025,46
19/06/2025,25
19/06/2025,58
19/06/2024,45
19/06/2024,87
19/06/2024,29
19/06/2023,28
19/06/2023,16
19/06/2023,84
19/06/2022,87
19/06/2022,47
19/06/2022,39
19/06/2021,39
19/06/2021,5
19/05/2025,44
19/05/2025,92
19/05/2025,23
19/05/2024,45
19/05/2024,61
19/05/2024,51
19/05/2023,24
19/05/2023,69
19/05/2023,57
19/05/2021,30
19/05/2021,29
19/04/2024,81
19/04/2024,65
19/04/2024,7
19/04/2023,57
19/04/2023,62
19/04/2023,77
19/04/2022,31
19/04/2022,4
19/04/2022,44
19/04/2021,13
19/04/2021,69
19/03/2026,41
19/03/2026,41
19/03/2026,49
19/03/2025,76
19/03/2025,55
19/03/2025,80
19/03/2024,7
19/03/2024,99
19/03/2024,30
19/03/2023,11
19/03/2023,75
19/03/2023,0
19/03/2022,28
19/03/2022,75
19/03/2021,40
19/03/2021,96
19/02/2026,53
19/02/2026,20
19/02/2026,41
19/02/2025,29
19/02/2025,12
19/02/2025,78
19/02/2024,66
19/02/2024,45
19/02/2024,99
19/02/2023,46
19/02/2023,93
19/02/2023,54
19/02/2022,69
19/02/2022,82
19/02/2021,43
19/02/2021,71
19/01/2026,1
19/01/2026,22
19/01/2026,96
19/01/2025,39
19/01/2025,69
19/01/2025,36
19/01/2024,19
19/01/2024,62
19/01/2024,98
19/01/2023,86
19/01/2023,64
19/01/2023,42
19/01/2022,28
19/01/2022,15
19/01/2021,84
19/01/2021,85
18/12/2025,55
18/12/2025,81
18/12/2025,33
18/12/2024,47
18/12/2024,34
18/12/2024,81
18/12/2023,47
18/12/2023,54
18/12/2023,95
18/12/2022,74
18/12/2022,10
18/12/2022,0
18/12/2021,21
18/12/2021,24
18/11/2025,47
18/11/2025,33
18/11/2025,32
18/11/2024,27
18/11/2024,47
18/11/2024,44
18/11/2023,68
18/11/2023,64
18/11/2023,72
18/11/2022,10
18/11/2022,72
18/11/2022,44
18/11/2021,51
18/11/2021,36
18/10/2025,13
18/10/2025,38
18/10/2025,62
18/10/2024,95
18/10/2024,20
18/10/2024,73
18/10/2023,70
18/10/2023,63
18/10/2023,21
18/10/2022,73
18/10/2022,86
18/10/2022,82
18/10/2021,63
18/10/2021,12
18/09/2025,55
18/09/2025,58
18/09/2025,5
18/09/2024,88
18/09/2024,48
18/09/2024,76
18/09/2023,24
18/09/2023,29
18/09/2023,11
18/09/2022,71
18/09/2022,79
18/09/2022,14
18/09/2021,87
18/09/2021,53
18/08/2025,7
18/08/2025,71
18/08/2025,83
18/08/2024,14
18/08/2024,2
18/08/2024,49
18/08/2023,51
18/08/2023,82
18/08/2023,63
18/08/2022,72
18/08/2022,22
18/08/2022,86
18/08/2021,50
18/08/2021,96
18/07/2025,0
18/07/2025,14
18/07/2025,96
18/07/2024,9
18/07/2024,40
18/07/2024,14
18/07/2023,15
18/07/2023,72
18/07/2023,74
18/07/2022,38
18/07/2022,55
18/07/2022,56
18/07/2021,49
18/07/2021,35
18/06/2025,81
18/06/2025,82
18/06/2025,82
18/06/2024,19
18/06/2024,67
18/06/2024,82
18/06/2023,81
18/06/2023,99
18/06/2023,85
18/06/2022,99
18/06/2022,92
18/06/2022,17
18/06/2021,91
18/06/2021,36
18/05/2025,42
18/05/2025,95
18/05/2025,37
18/05/2024,70
18/05/2024,96
18/05/2024,47
18/05/2023,31
18/05/2023,51
18/05/2023,54
18/05/2021,51
18/04/2024,73
18/04/2024,40
18/04/2024,53
18/04/2023,61
18/04/2023,59
18/04/2023,26
18/04/2022,24
18/04/2022,29
18/04/2022,13
18/04/2021,75
18/04/2021,34
18/03/2026,29
18/03/2026,86
18/03/2026,15
18/03/2025,1
18/03/2025,54
18/03/2025,73
18/03/2024,33
18/03/2024,96
18/03/2024,47
18/03/2023,5
18/03/2023,29
18/03/2023,27
18/03/2022,90
18/03/2022,90
18/03/2021,8
18/03/2021,20
18/02/2026,20
18/02/2026,12
18/02/2026,12
18/02/2025,53
18/02/2025,93
18/02/2025,25
18/02/2024,51
18/02/2024,2
18/02/2024,66
18/02/2023,78
18/02/2023,23
18/02/2023,68
18/02/2022,75
18/02/2022,78
18/02/2021,10
18/02/2021,86
18/01/2026,1
18/01/2026,6
18/01/2026,63
18/01/2025,20
18/01/2025,32
18/01/2025,76
18/01/2024,29
18/01/2024,40
18/01/2024,20
18/01/2023,51
18/01/2023,17
18/01/2023,92
18/01/2022,45
18/01/2022,44
18/01/2021,9
18/01/2021,48
17/12/2025,45
17/12/2025,42
17/12/2025,84
17/12/2024,52
17/12/2024,71
17/12/2024,16
17/12/2023,30
17/12/2023,84
17/12/2023,94
17/12/2022,69
17/12/2022,33
17/12/2022,35
17/12/2021,21
17/12/2021,24
17/11/2025,5
17/11/2025,29
17/11/2025,3
17/11/2024,46
17/11/2024,98
17/11/2024,87
17/11/2023,35
17/11/2023,70
17/11/2023,57
17/11/2022,86
17/11/2022,31
17/11/2022,70
17/11/2021,91
17/11/2021,14
17/10/2025,44
17/10/2025,37
17/10/2025,2
17/10/2024,78
17/10/2024,74
17/10/2024,76
17/10/2023,85
17/10/2023,26
17/10/2023,25
17/10/2022,58
17/10/2022,79
17/10/2022,91
17/10/2021,5
17/10/2021,81
17/09/2025,42
17/09/2025,90
17/09/2025,76
17/09/2024,17
17/09/2024,48
17/09/2024,46
17/09/2023,77
17/09/2023,53
17/09/2023,19
17/09/2022,63
17/09/2022,21
17/09/2022,49
17/09/2021,80
17/09/2021,77
17/08/2025,70
17/08/2025,0
17/08/2025,71
17/08/2024,59
17/08/2024,57
17/08/2024,72
17/08/2023,41
17/08/2023,3
17/08/2023,77
17/08/2022,46
17/08/2022,10
17/08/2022,56
17/08/2021,14
17/08/2021,7
17/07/2025,85
17/07/2025,96
17/07/2025,27
17/07/2024,88
17/07/2024,37
17/07/2024,20
17/07/2023,60
17/07/2023,81
17/07/2023,22
17/07/2022,3
17/07/2022,20
17/07/2022,39
17/07/2021,74
17/07/2021,23
17/06/2025,1
17/06/2025,77
17/06/2025,65
17/06/2024,7
17/06/2024,94
17/06/2024,79
17/06/2023,93
17/06/2023,4
17/06/2023,7
17/06/2022,40
17/06/2022,49
17/06/2022,22
17/06/2021,11
17/06/2021,80
17/05/2025,99
17/05/2025,39
17/05/2025,92
17/05/2024,20
17/05/2024,98
17/05/2024,45
17/05/2023,78
17/05/2023,69
17/05/2023,20
17/05/2022,47
17/05/2021,84
17/05/2021,61
17/04/2026,49
17/04/2026,88
17/04/2024,46
17/04/2024,0
17/04/2024,16
17/04/2023,25
17/04/2023,55
17/04/2023,68
17/04/2021,62
17/04/2021,68
17/03/2026,55
17/03/2026,88
17/03/2026,66
17/03/2025,20
17/03/2025,64
17/03/2025,3
17/03/2024,28
17/03/2024,1
17/03/2024,71
17/03/2023,18
17/03/2023,24
17/03/2023,44
17/03/2022,7
17/03/2022,44
17/03/2021,39
17/03/2021,16
17/02/2026,96
17/02/2026,94
17/02/2026,70
17/02/2025,22
17/02/2025,98
17/02/2025,51
17/02/2024,71
17/02/2024,16
17/02/2024,28
17/02/2023,88
17/02/2023,53
17/02/2023,61
17/02/2022,36
17/02/2022,90
17/02/2021,87
17/02/2021,4
17/01/2026,45
17/01/2026,54
17/01/2026,33
17/01/2025,65
17/01/2025,13
17/01/2025,27
17/01/2024,55
17/01/2024,10
17/01/2024,62
17/01/2023,39
17/01/2023,1
17/01/2023,49
17/01/2022,2
17/01/2022,95
17/01/2021,19
17/01/2021,80
16/12/2025,21
16/12/2025,89
16/12/2025,60
16/12/2024,70
16/12/2024,2
16/12/2024,67
16/12/2023,35
16/12/2023,43
16/12/2023,5
16/12/2022,68
16/12/2022,69
16/12/2022,53
16/12/2021,88
16/12/2021,36
16/11/2025,69
16/11/2025,24
16/11/2025,31
16/11/2024,43
16/11/2024,54
16/11/2024,9
16/11/2023,84
16/11/2023,58
16/11/2023,3
16/11/2022,95
16/11/2022,62
16/11/2022,30
16/11/2021,87
16/11/2021,74
16/10/2025,12
16/10/2025,87
16/10/2025,62
16/10/2024,60
16/10/2024,14
16/10/2024,48
16/10/2023,52
16/10/2023,15
16/10/2023,0
16/10/2022,29
16/10/2022,6
16/10/2022,41
16/10/2021,95
16/10/2021,3
16/09/2025,38
16/09/2025,81
16/09/2025,95
16/09/2024,29
16/09/2024,11
16/09/2024,32
16/09/2023,39
16/09/2023,64
16/09/2023,96
16/09/2022,69
16/09/2022,14
16/09/2022,97
16/09/2021,42
16/09/2021,38
16/08/2025,9
16/08/2025,30
16/08/2025,74
16/08/2024,13
16/08/2024,74
16/08/2024,14
16/08/2023,24
16/08/2023,94
16/08/2023,48
16/08/2022,88
16/08/2022,27
16/08/2022,24
16/08/2021,49
16/08/2021,65
16/07/2025,6
16/07/2025,53
16/07/2025,20
16/07/2024,44
16/07/2024,7
16/07/2024,81
16/07/2023,44
16/07/2023,12
16/07/2023,19
16/07/2022,13
16/07/2022,47
16/07/2022,77
16/07/2021,42
16/07/2021,78
16/06/2025,83
16/06/2025,99
16/06/2025,98
16/06/2024,62
16/06/2024,56
16/06/2024,38
16/06/2023,86
16/06/2023,68
16/06/2023,91
16/06/2022,20
16/06/2022,8
16/06/2022,6
16/06/2021,23
16/06/2021,22
16/05/2025,54
16/05/2025,75
16/05/2025,86
16/05/2024,7
16/05/2024,25
16/05/2024,85
16/05/2023,85
16/05/2023,87
16/05/2023,79
16/05/2022,69
16/05/2022,76
16/05/2021,3
16/05/2021,79
16/04/2026,63
16/04/2026,47
16/04/2026,18
16/04/2025,94
16/04/2025,63
16/04/2025,17
16/04/2024,70
16/04/2024,69
16/04/2024,40
16/04/2023,9
16/04/2023,7
16/04/2023,63
16/04/2021,1
16/04/2021,3
16/03/2026,97
16/03/2026,33
16/03/2026,22
16/03/2025,38
16/03/2025,74
16/03/2025,64
16/03/2024,89
16/03/2024,35
16/03/2024,13
16/03/2023,4
16/03/2023,87
16/03/2023,2
16/03/2022,0
16/03/2022,32
16/03/2021,3
16/03/2021,53
16/02/2026,52
16/02/2026,6
16/02/2026,35
16/02/2025,4
16/02/2025,77
16/02/2025,84
16/02/2024,21
16/02/2024,40
16/02/2024,44
16/02/2023,45
16/02/2023,95
16/02/2023,25
16/02/2022,14
16/02/2022,48
16/02/2021,20
16/02/2021,7
16/01/2026,88
16/01/2026,74
16/01/2026,0
16/01/2025,16
16/01/2025,45
16/01/2025,83
16/01/2024,66
16/01/2024,79
16/01/2024,49
16/01/2023,6
16/01/2023,83
16/01/2023,99
16/01/2022,43
16/01/2022,17
16/01/2021,83
16/01/2021,69
15/12/2025,86
15/12/2025,80
15/12/2025,59
15/12/2024,8
15/12/2024,75
15/12/2024,43
15/12/2023,31
15/12/2023,22
15/12/2023,31
15/12/2022,27
15/12/2022,91
15/12/2022,95
15/12/2021,35
15/12/2021,13
15/11/2025,80
15/11/2025,92
15/11/2025,56
15/11/2024,42
15/11/2024,54
15/11/2024,53
15/11/2023,72
15/11/2023,70
15/11/2023,2
15/11/2022,8
15/11/2022,55
15/11/2022,94
15/11/2021,95
15/11/2021,0
15/10/2025,38
15/10/2025,56
15/10/2025,27
15/10/2024,56
15/10/2024,23
15/10/2024,65
15/10/2023,55
15/10/2023,92
15/10/2023,41
15/10/2022,54
15/10/2022,51
15/10/2022,49
15/10/2021,27
15/10/2021,35
15/09/2025,88
15/09/2025,17
15/09/2025,12
15/09/2024,84
15/09/2024,23
15/09/2024,35
15/09/2023,56
15/09/2023,82
15/09/2023,64
15/09/2022,63
15/09/2022,2
15/09/2022,9
15/09/2021,99
15/09/2021,2
15/08/2025,23
15/08/2025,88
15/08/2025,22
15/08/2024,22
15/08/2024,37
15/08/2024,26
15/08/2023,91
15/08/2023,12
15/08/2023,11
15/08/2022,46
15/08/2022,69
15/08/2022,56
15/07/2025,23
15/07/2025,61
15/07/2025,48
15/07/2024,26
15/07/2024,75
15/07/2024,25
15/07/2023,43
15/07/2023,1
15/07/2023,79
15/07/2022,68
15/07/2022,30
15/07/2022,63
15/07/2021,40
15/07/2021,12
15/06/2025,38
15/06/2025,1
15/06/2025,87
15/06/2024,56
15/06/2024,51
15/06/2024,91
15/06/2023,94
15/06/2023,86
15/06/2023,79
15/06/2022,38
15/06/2022,7
15/06/2022,6
15/06/2021,75
15/06/2021,31
15/05/2025,57
15/05/2025,60
15/05/2025,18
15/05/2024,56
15/05/2024,89
15/05/2024,27
15/05/2023,20
15/05/2023,79
15/05/2023,12
15/05/2022,40
15/05/2022,77
15/05/2021,0
15/05/2021,20
15/04/2026,50
15/04/2026,2
15/04/2026,12
15/04/2025,60
15/04/2025,87
15/04/2025,69
15/04/2024,12
15/04/2024,70
15/04/2024,54
15/04/2023,46
15/04/2023,15
15/04/2023,83
15/04/2021,41
15/04/2021,74
15/03/2026,69
15/03/2026,99
15/03/2026,72
15/03/2025,40
15/03/2025,9
15/03/2025,28
15/03/2024,83
15/03/2024,21
15/03/2024,75
15/03/2023,28
15/03/2023,37
15/03/2023,31
15/03/2022,34
15/03/2022,51
15/03/2021,92
15/03/2021,19
15/02/2026,18
15/02/2026,47
15/02/2026,32
15/02/2025,45
15/02/2025,91
15/02/2025,61
15/02/2024,40
15/02/2024,77
15/02/2024,1
15/02/2023,51
15/02/2023,87
15/02/2023,85
15/02/2022,87
15/02/2022,46
15/02/2021,54
15/02/2021,31
15/01/2026,48
15/01/2026,75
15/01/2026,72
15/01/2025,19
15/01/2025,34
15/01/2025,9
15/01/2024,75
15/01/2024,59
15/01/2024,92
15/01/2023,60
15/01/2023,98
15/01/2023,81
15/01/2022,89
15/01/2022,44
15/01/2021,53
15/01/2021,18
14/12/2025,93
14/12/2025,64
14/12/2025,78
14/12/2024,95
14/12/2024,95
14/12/2024,87
14/12/2023,86
14/12/2023,25
14/12/2023,63
14/12/2022,46
14/12/2022,42
14/12/2022,86
14/12/2021,90
14/12/2021,74
14/11/2025,42
14/11/2025,70
14/11/2025,65
14/11/2024,27
14/11/2024,92
14/11/2024,31
14/11/2023,63
14/11/2023,19
14/11/2023,53
14/11/2022,90
14/11/2022,89
14/11/2022,80
14/11/2021,60
14/11/2021,39
14/10/2025,16
14/10/2025,56
14/10/2025,1
14/10/2024,85
14/10/2024,15
14/10/2024,37
14/10/2023,74
14/10/2023,2
14/10/2023,21
14/10/2022,57
14/10/2022,58
14/10/2022,14
14/10/2021,11
14/10/2021,49
14/09/2025,81
14/09/2025,55
14/09/2025,67
14/09/2024,80
14/09/2024,6
14/09/2024,92
14/09/2023,62
14/09/2023,14
14/09/2023,51
14/09/2022,21
14/09/2022,69
14/09/2022,72
14/09/2021,37
14/09/2021,19
14/08/2025,25
14/08/2025,28
14/08/2025,56
14/08/2024,37
14/08/2024,84
14/08/2024,34
14/08/2023,64
14/08/2023,10
14/08/2023,52
14/08/2022,68
14/08/2022,32
14/08/2022,11
14/08/2021,82
14/08/2021,1
14/07/2025,27
14/07/2025,61
14/07/2025,66
14/07/2024,44
14/07/2024,12
14/07/2024,20
14/07/2023,6
14/07/2023,33
14/07/2023,91
14/07/2022,3
14/07/2022,87
14/07/2022,10
14/07/2021,45
14/07/2021,74
14/06/2025,77
14/06/2025,35
14/06/2025,16
14/06/2024,95
14/06/2024,2
14/06/2024,27
14/06/2023,23
14/06/2023,23
14/06/2023,56
14/06/2022,97
14/06/2022,95
14/06/2022,31
14/06/2021,8
14/06/2021,48
14/05/2025,54
14/05/2025,57
14/05/2025,6
14/05/2024,24
14/05/2024,1
14/05/2024,98
14/05/2023,92
14/05/2023,64
14/05/2023,90
14/05/2021,92
14/05/2021,36
14/04/2026,26
14/04/2026,68
14/04/2026,62
14/04/2025,97
14/04/2025,31
14/04/2025,78
14/04/2024,49
14/04/2024,17
14/04/2024,59
14/04/2023,50
14/04/2023,43
14/04/2023,69
14/04/2021,64
14/04/2021,3
14/03/2026,82
14/03/2026,6
14/03/2026,7
14/03/2025,83
14/03/2025,38
14/03/2025,52
14/03/2024,42
14/03/2024,5
14/03/2024,92
14/03/2023,42
14/03/2023,49
14/03/2023,32
14/03/2022,95
14/03/2022,92
14/03/2021,68
14/03/2021,35
14/02/2026,40
14/02/2026,99
14/02/2026,52
14/02/2025,4
14/02/2025,96
14/02/2025,35
14/02/2024,67
14/02/2024,80
14/02/2024,89
14/02/2023,45
14/02/2023,76
14/02/2023,50
14/02/2022,60
14/02/2022,76
14/02/2021,75
14/02/2021,78
14/01/2026,36
14/01/2026,99
14/01/2026,99
14/01/2025,76
14/01/2025,61
14/01/2025,42
14/01/2024,76
14/01/2024,36
14/01/2024,41
14/01/2023,12
14/01/2023,66
14/01/2023,68
14/01/2022,21
14/01/2022,60
14/01/2021,88
14/01/2021,52
13/12/2025,59
13/12/2025,11
13/12/2025,44
13/12/2024,59
13/12/2024,88
13/12/2024,37
13/12/2023,8
13/12/2023,49
13/12/2023,32
13/12/2022,84
13/12/2022,77
13/12/2022,58
13/12/2021,75
13/12/2021,69
13/11/2025,76
13/11/2025,71
13/11/2025,43
13/11/2024,81
13/11/2024,38
13/11/2024,27
13/11/2023,56
13/11/2023,9
13/11/2023,57
13/11/2022,77
13/11/2022,10
13/11/2022,81
13/11/2021,51
13/11/2021,31
13/10/2025,67
13/10/2025,44
13/10/2025,79
13/10/2024,88
13/10/2024,27
13/10/2024,58
13/10/2023,7
13/10/2023,97
13/10/2023,57
13/10/2022,37
13/10/2022,57
13/10/2022,62
13/10/2021,40
13/10/2021,48
13/09/2025,47
13/09/2025,4
13/09/2025,58
13/09/2024,78
13/09/2024,32
13/09/2024,98
13/09/2023,68
13/09/2023,52
13/09/2023,82
13/09/2022,88
13/09/2022,79
13/09/2022,88
13/09/2021,16
13/09/2021,96
13/08/2025,86
13/08/2025,99
13/08/2025,1
13/08/2024,14
13/08/2024,69
13/08/2024,59
13/08/2023,36
13/08/2023,34
13/08/2023,21
13/08/2022,25
13/08/2022,8
13/08/2022,69
13/08/2021,91
13/08/2021,30
13/07/2025,98
13/07/2025,44
13/07/2025,61
13/07/2024,14
13/07/2024,25
13/07/2024,84
13/07/2023,98
13/07/2023,73
13/07/2023,24
13/07/2022,84
13/07/2022,69
13/07/2022,51
13/07/2021,0
13/07/2021,42
13/06/2025,81
13/06/2025,66
13/06/2025,53
13/06/2024,16
13/06/2024,45
13/06/2024,13
13/06/2023,58
13/06/2023,81
13/06/2023,23
13/06/2022,71
13/06/2022,62
13/06/2022,26
13/06/2021,76
13/06/2021,59
13/05/2025,14
13/05/2025,75
13/05/2025,52
13/05/2024,91
13/05/2024,49
13/05/2024,42
13/05/2023,56
13/05/2023,95
13/05/2023,2
13/05/2022,70
13/05/2021,95
13/05/2021,76
13/04/2026,54
13/04/2026,68
13/04/2026,91
13/04/2025,70
13/04/2025,93
13/04/2025,31
13/04/2024,83
13/04/2024,50
13/04/2024,71
13/04/2023,43
13/04/2023,85
13/04/2023,1
13/04/2022,52
13/04/2022,52
13/04/2022,35
13/04/2021,92
13/04/2021,50
13/03/2026,99
13/03/2026,76
13/03/2026,8
13/03/2025,16
13/03/2025,94
13/03/2025,0
13/03/2024,77
13/03/2024,79
13/03/2024,91
13/03/2023,11
13/03/2023,12
13/03/2023,37
13/03/2022,21
13/03/2022,84
13/03/2021,33
13/03/2021,37
13/02/2026,44
13/02/2026,81
13/02/2026,91
13/02/2025,83
13/02/2025,81
13/02/2025,91
13/02/2024,62
13/02/2024,67
13/02/2024,6
13/02/2023,53
13/02/2023,26
13/02/2023,4
13/02/2022,29
13/02/2022,91
13/02/2021,79
13/02/2021,7
13/01/2026,26
13/01/2026,32
13/01/2026,55
13/01/2025,0
13/01/2025,24
13/01/2025,95
13/01/2024,73
13/01/2024,11
13/01/2024,40
13/01/2023,93
13/01/2023,53
13/01/2023,4
13/01/2022,31
13/01/2022,86
13/01/2021,90
13/01/2021,41
12/4/2026,47
12/4/2026,46
12/4/2026,81
12/3/2026,23
12/3/2026,43
12/3/2026,28
12/2/2026,1
12/2/2026,18
12/2/2026,25
12/1/2026,97
12/1/2026,26
12/1/2026,10
11/4/2026,20
11/4/2026,68
11/4/2026,80
11/3/2026,63
11/3/2026,12
11/3/2026,2
11/2/2026,71
11/2/2026,30
11/2/2026,30
11/1/2026,57
11/1/2026,27
11/1/2026,63
10/4/2026,8
10/4/2026,96
10/4/2026,27
10/3/2026,51
10/3/2026,46
10/3/2026,31
10/2/2026,77
10/2/2026,3
10/2/2026,7
10/1/2026,14
10/1/2026,87
10/1/2026,19
9/4/2026,54
9/4/2026,69
9/4/2026,12
9/3/2026,44
9/3/2026,64
9/3/2026,13
9/2/2026,11
9/2/2026,91
9/2/2026,8
9/1/2026,95
9/1/2026,89
9/1/2026,19
8/4/2026,71
8/4/2026,61
8/4/2026,76
8/3/2026,67
8/3/2026,17
8/3/2026,11
8/2/2026,25
8/2/2026,71
8/2/2026,99
8/1/2026,29
8/1/2026,33
8/1/2026,76
7/4/2026,42
7/4/2026,98
7/4/2026,16
7/3/2026,26
7/3/2026,2
7/3/2026,4
7/2/2026,33
7/2/2026,27
7/2/2026,69
7/1/2026,20
7/1/2026,58
7/1/2026,73
6/4/2026,48
6/4/2026,17
6/4/2026,85
6/3/2026,4
6/3/2026,15
6/3/2026,51
6/2/2026,73
6/2/2026,93
6/2/2026,2
6/1/2026,36
6/1/2026,18
6/1/2026,96
5/3/2026,54
5/3/2026,88
5/3/2026,57
5/2/2026,83
5/2/2026,46
5/2/2026,38
5/1/2026,4
5/1/2026,61
5/1/2026,25
4/3/2026,55
4/3/2026,55
4/3/2026,14
4/2/2026,74
4/2/2026,17
4/2/2026,35
4/1/2026,48
4/1/2026,4
4/1/2026,3
3/3/2026,30
3/3/2026,79
3/3/2026,85
3/2/2026,53
3/2/2026,97
3/2/2026,84
3/1/2026,90
3/1/2026,82
3/1/2026,38
2/3/2026,63
2/3/2026,31
2/3/2026,4
2/2/2026,46
2/2/2026,74
2/2/2026,45
2/1/2026,30
2/1/2026,67
2/1/2026,6
1/4/2026,59
1/4/2026,74
1/4/2026,16
1/3/2026,88
1/3/2026,16
1/3/2026,59
12/12/2025,52
12/12/2025,46
12/12/2025,76
12/11/2025,98
12/11/2025,59
12/11/2025,35
12/10/2025,22
12/10/2025,98
12/10/2025,15
12/9/2025,1
12/9/2025,3
12/9/2025,5
12/8/2025,64
12/8/2025,30
12/8/2025,79
12/7/2025,33
12/7/2025,84
12/7/2025,14
12/6/2025,45
12/6/2025,30
12/6/2025,44
12/5/2025,25
12/5/2025,68
12/5/2025,36
12/4/2025,76
12/4/2025,97
12/4/2025,97
12/3/2025,27
12/3/2025,65
12/3/2025,75
12/2/2025,5
12/2/2025,80
12/2/2025,76
12/1/2025,41
12/1/2025,85
12/1/2025,13
11/12/2025,85
11/12/2025,48
11/12/2025,31
11/11/2025,50
11/11/2025,43
11/11/2025,0
11/10/2025,24
11/10/2025,93
11/10/2025,99
11/9/2025,21
11/9/2025,60
11/9/2025,34
11/8/2025,11
11/8/2025,16
11/8/2025,59
11/7/2025,90
11/7/2025,49
11/7/2025,40
11/6/2025,3
11/6/2025,53
11/6/2025,6
11/5/2025,50
11/5/2025,91
11/5/2025,89
11/4/2025,58
11/4/2025,92
11/4/2025,2
11/3/2025,57
11/3/2025,36
11/3/2025,8
11/2/2025,21
11/2/2025,44
11/2/2025,69
11/1/2025,18
11/1/2025,44
11/1/2025,13
10/12/2025,4
10/12/2025,40
10/12/2025,26
10/11/2025,42
10/11/2025,28
10/11/2025,11
10/10/2025,88
10/10/2025,15
10/10/2025,86
10/9/2025,14
10/9/2025,9
10/9/2025,39
10/8/2025,0
10/8/2025,74
10/8/2025,35
10/7/2025,64
10/7/2025,72
10/7/2025,11
10/6/2025,41
10/6/2025,57
10/6/2025,56
10/5/2025,62
10/5/2025,53
10/5/2025,13
10/4/2025,75
10/4/2025,69
10/4/2025,98
10/3/2025,21
10/3/2025,38
10/3/2025,0
10/2/2025,57
10/2/2025,5
10/2/2025,0
10/1/2025,71
10/1/2025,57
10/1/2025,46
9/12/2025,2
9/12/2025,79
9/12/2025,74
9/11/2025,22
9/11/2025,49
9/11/2025,7
9/10/2025,83
9/10/2025,39
9/10/2025,12
9/9/2025,42
9/9/2025,15
9/9/2025,7
9/8/2025,29
9/8/2025,87
9/8/2025,59
9/7/2025,93
9/7/2025,15
9/7/2025,82
9/6/2025,21
9/6/2025,2
9/6/2025,24
9/5/2025,27
9/5/2025,29
9/5/2025,69
9/4/2025,36
9/4/2025,43
9/4/2025,5
9/3/2025,82
9/3/2025,70
9/3/2025,46
9/2/2025,74
9/2/2025,93
9/2/2025,64
9/1/2025,5
9/1/2025,37
9/1/2025,21
8/12/2025,37
8/12/2025,89
8/12/2025,11
8/11/2025,13
8/11/2025,49
8/11/2025,35
8/10/2025,8
8/10/2025,48
8/10/2025,38
8/9/2025,52
8/9/2025,0
8/9/2025,39
8/8/2025,9
8/8/2025,97
8/8/2025,21
8/7/2025,78
8/7/2025,71
8/7/2025,96
8/6/2025,87
8/6/2025,39
8/6/2025,20
8/5/2025,45
8/5/2025,66
8/5/2025,57
8/4/2025,81
8/4/2025,92
8/4/2025,44
8/3/2025,91
8/3/2025,9
8/3/2025,59
8/2/2025,31
8/2/2025,42
8/2/2025,7
8/1/2025,8
8/1/2025,21
8/1/2025,51
7/12/2025,53
7/12/2025,4
7/12/2025,17
7/11/2025,59
7/11/2025,87
7/11/2025,7
7/10/2025,70
7/10/2025,3
7/10/2025,43
7/9/2025,70
7/9/2025,63
7/9/2025,58
7/8/2025,59
7/8/2025,40
7/8/2025,56
7/7/2025,36
7/7/2025,15
7/7/2025,22
7/6/2025,5
7/6/2025,31
7/6/2025,42
7/5/2025,89
7/5/2025,84
7/5/2025,9
7/4/2025,61
7/4/2025,91
7/4/2025,76
7/3/2025,47
7/3/2025,88
7/3/2025,62
7/2/2025,1
7/2/2025,99
7/2/2025,88
7/1/2025,70
7/1/2025,34
7/1/2025,42
6/12/2025,43
6/12/2025,43
6/12/2025,57
6/11/2025,59
6/11/2025,11
6/11/2025,72
6/10/2025,9
6/10/2025,97
6/10/2025,52
6/9/2025,28
6/9/2025,94
6/9/2025,53
6/8/2025,40
6/8/2025,95
6/8/2025,49
6/7/2025,9
6/7/2025,83
6/7/2025,52
6/6/2025,55
6/6/2025,61
6/6/2025,65
6/5/2025,4
6/5/2025,82
6/5/2025,20
6/4/2025,74
6/4/2025,57
6/4/2025,26
6/3/2025,56
6/3/2025,81
6/3/2025,17
6/2/2025,1
6/2/2025,76
6/2/2025,21
6/1/2025,63
6/1/2025,2
6/1/2025,70
5/12/2025,12
5/12/2025,56
5/12/2025,68
5/11/2025,62
5/11/2025,79
5/11/2025,46
5/10/2025,2
5/10/2025,63
5/10/2025,85
5/9/2025,46
5/9/2025,75
5/9/2025,94
5/8/2025,90
5/8/2025,0
5/8/2025,24
5/7/2025,74
5/7/2025,92
5/7/2025,11
5/6/2025,51
5/6/2025,35
5/6/2025,22
5/5/2025,63
5/5/2025,62
5/5/2025,68
5/4/2025,44
5/4/2025,51
5/4/2025,19
5/3/2025,96
5/3/2025,65
5/3/2025,99
5/2/2025,70
5/2/2025,57
5/2/2025,77
5/1/2025,51
5/1/2025,43
5/1/2025,90
4/12/2025,16
4/12/2025,89
4/12/2025,81
4/11/2025,65
4/11/2025,83
4/11/2025,17
4/10/2025,55
4/10/2025,47
4/10/2025,42
4/9/2025,78
4/9/2025,26
4/9/2025,52
4/8/2025,99
4/8/2025,98
4/8/2025,29
4/7/2025,33
4/7/2025,60
4/7/2025,8
4/6/2025,27
4/6/2025,91
4/6/2025,20
4/5/2025,85
4/5/2025,30
4/5/2025,9
4/4/2025,6
4/4/2025,50
4/4/2025,35
4/3/2025,94
4/3/2025,53
4/3/2025,69
4/2/2025,1
4/2/2025,81
4/2/2025,16
4/1/2025,97
4/1/2025,40
4/1/2025,97
3/12/2025,37
3/12/2025,37
3/12/2025,22
3/11/2025,86
3/11/2025,91
3/11/2025,22
3/10/2025,83
3/10/2025,89
3/10/2025,72
3/9/2025,29
3/9/2025,9
3/9/2025,20
3/8/2025,66
3/8/2025,90
3/8/2025,45
3/7/2025,5
3/7/2025,59
3/7/2025,34
3/6/2025,22
3/6/2025,27
3/6/2025,26
3/5/2025,65
3/5/2025,94
3/5/2025,62
3/4/2025,34
3/4/2025,82
3/4/2025,10
3/3/2025,77
3/3/2025,43
3/3/2025,71
3/2/2025,59
3/2/2025,8
3/2/2025,20
3/1/2025,48
3/1/2025,32
3/1/2025,63
2/12/2025,85
2/12/2025,28
2/12/2025,39
2/11/2025,91
2/11/2025,68
2/11/2025,73
2/10/2025,70
2/10/2025,45
2/10/2025,32
2/9/2025,83
2/9/2025,0
2/9/2025,82
2/8/2025,60
2/8/2025,52
2/8/2025,26
2/7/2025,84
2/7/2025,55
2/7/2025,67
2/6/2025,9
2/6/2025,68
2/6/2025,56
2/5/2025,22
2/5/2025,85
2/5/2025,67
2/4/2025,77
2/4/2025,91
2/4/2025,25
2/3/2025,37
2/3/2025,77
2/3/2025,66
2/2/2025,23
2/2/2025,83
2/2/2025,43
2/1/2025,33
2/1/2025,42
2/1/2025,76
1/12/2025,79
1/12/2025,78
1/12/2025,37
1/11/2025,44
1/11/2025,17
1/11/2025,47
1/10/2025,88
1/10/2025,70
1/10/2025,1
1/9/2025,48
1/9/2025,22
1/9/2025,33
1/8/2025,12
1/8/2025,98
1/8/2025,52
1/7/2025,40
1/7/2025,5
1/7/2025,9
1/6/2025,77
1/6/2025,48
1/6/2025,87
1/5/2025,17
1/5/2025,62
1/5/2025,56
1/4/2025,64
1/4/2025,91
1/4/2025,33
1/3/2025,46
1/3/2025,55
1/3/2025,71
1/2/2025,92
1/2/2025,32
1/2/2025,27
12/12/2024,97
12/12/2024,51
12/12/2024,0
12/11/2024,40
12/11/2024,46
12/11/2024,15
12/10/2024,13
12/10/2024,27
12/10/2024,39
12/9/2024,4
12/9/2024,94
12/9/2024,92
12/8/2024,53
12/8/2024,4
12/8/2024,13
12/7/2024,57
12/7/2024,62
12/7/2024,5
12/6/2024,40
12/6/2024,24
12/6/2024,64
12/5/2024,21
12/5/2024,13
12/5/2024,98
12/4/2024,61
12/4/2024,76
12/4/2024,73
12/3/2024,60
12/3/2024,48
12/3/2024,83
12/2/2024,74
12/2/2024,51
12/2/2024,24
12/1/2024,76
12/1/2024,42
12/1/2024,3
11/12/2024,56
11/12/2024,97
11/12/2024,45
11/11/2024,0
11/11/2024,14
11/11/2024,93
11/10/2024,41
11/10/2024,33
11/10/2024,48
11/9/2024,9
11/9/2024,18
11/9/2024,93
11/8/2024,73
11/8/2024,78
11/8/2024,69
11/7/2024,97
11/7/2024,55
11/7/2024,14
11/6/2024,10
11/6/2024,88
11/6/2024,19
11/5/2024,0
11/5/2024,27
11/5/2024,63
11/4/2024,60
11/4/2024,38
11/4/2024,84
11/3/2024,39
11/3/2024,22
11/3/2024,70
11/2/2024,55
11/2/2024,60
11/2/2024,94
11/1/2024,1
11/1/2024,24
11/1/2024,8
10/12/2024,75
10/12/2024,94
10/12/2024,19
10/11/2024,60
10/11/2024,24
10/11/2024,92
10/10/2024,62
10/10/2024,83
10/10/2024,50
10/9/2024,32
10/9/2024,22
10/9/2024,31
10/8/2024,99
10/8/2024,86
10/8/2024,34
10/7/2024,80
10/7/2024,4
10/7/2024,64
10/6/2024,92
10/6/2024,76
10/6/2024,67
10/5/2024,4
10/5/2024,80
10/5/2024,82
10/4/2024,67
10/4/2024,3
10/4/2024,49
10/3/2024,60
10/3/2024,57
10/3/2024,99
10/2/2024,30
10/2/2024,13
10/2/2024,11
10/1/2024,70
10/1/2024,77
10/1/2024,24
9/12/2024,46
9/12/2024,41
9/12/2024,79
9/11/2024,19
9/11/2024,49
9/11/2024,72
9/10/2024,65
9/10/2024,12
9/10/2024,7
9/9/2024,4
9/9/2024,11
9/9/2024,81
9/8/2024,40
9/8/2024,46
9/8/2024,60
9/7/2024,26
9/7/2024,29
9/7/2024,83
9/6/2024,22
9/6/2024,32
9/6/2024,17
9/5/2024,94
9/5/2024,39
9/5/2024,22
9/4/2024,16
9/4/2024,4
9/4/2024,97
9/3/2024,0
9/3/2024,6
9/3/2024,38
9/2/2024,26
9/2/2024,92
9/2/2024,74
9/1/2024,58
9/1/2024,33
9/1/2024,66
8/12/2024,55
8/12/2024,50
8/12/2024,60
8/11/2024,16
8/11/2024,86
8/11/2024,44
8/10/2024,32
8/10/2024,43
8/10/2024,74
8/9/2024,65
8/9/2024,66
8/9/2024,1
8/8/2024,90
8/8/2024,84
8/8/2024,41
8/7/2024,9
8/7/2024,68
8/7/2024,88
8/6/2024,8
8/6/2024,59
8/6/2024,11
8/5/2024,6
8/5/2024,65
8/5/2024,40
8/4/2024,47
8/4/2024,71
8/4/2024,93
8/3/2024,0
8/3/2024,59
8/3/2024,59
8/2/2024,90
8/2/2024,28
8/2/2024,73
8/1/2024,27
8/1/2024,69
8/1/2024,89
7/12/2024,64
7/12/2024,94
7/12/2024,45
7/11/2024,80
7/11/2024,52
7/11/2024,49
7/10/2024,43
7/10/2024,88
7/10/2024,2
7/9/2024,43
7/9/2024,84
7/9/2024,52
7/8/2024,96
7/8/2024,0
7/8/2024,50
7/7/2024,89
7/7/2024,34
7/7/2024,69
7/6/2024,43
7/6/2024,82
7/6/2024,38
7/5/2024,97
7/5/2024,71
7/5/2024,1
7/4/2024,33
7/4/2024,65
7/4/2024,95
7/3/2024,35
7/3/2024,98
7/3/2024,98
7/2/2024,53
7/2/2024,98
7/2/2024,0
7/1/2024,98
7/1/2024,57
7/1/2024,60
6/12/2024,41
6/12/2024,68
6/12/2024,16
6/11/2024,82
6/11/2024,91
6/11/2024,58
6/10/2024,11
6/10/2024,21
6/10/2024,0
6/9/2024,5
6/9/2024,62
6/9/2024,12
6/8/2024,15
6/8/2024,47
6/8/2024,35
6/7/2024,0
6/7/2024,41
6/7/2024,76
6/6/2024,79
6/6/2024,26
6/6/2024,54
6/5/2024,95
6/5/2024,12
6/5/2024,91
6/4/2024,55
6/4/2024,75
6/4/2024,27
6/3/2024,14
6/3/2024,89
6/3/2024,52
6/2/2024,13
6/2/2024,93
6/2/2024,80
6/1/2024,77
6/1/2024,92
6/1/2024,68
5/12/2024,27
5/12/2024,61
5/12/2024,92
5/11/2024,74
5/11/2024,85
5/11/2024,30
5/10/2024,14
5/10/2024,66
5/10/2024,94
5/9/2024,66
5/9/2024,90
5/9/2024,72
5/8/2024,30
5/8/2024,32
5/8/2024,54
5/7/2024,60
5/7/2024,55
5/7/2024,47
5/6/2024,68
5/6/2024,26
5/6/2024,0
5/5/2024,4
5/5/2024,77
5/5/2024,61
5/4/2024,87
5/4/2024,89
5/4/2024,34
5/3/2024,10
5/3/2024,45
5/3/2024,50
5/2/2024,21
5/2/2024,36
5/2/2024,19
5/1/2024,64
5/1/2024,74
5/1/2024,73
4/12/2024,56
4/12/2024,58
4/12/2024,44
4/11/2024,74
4/11/2024,81
4/11/2024,86
4/10/2024,93
4/10/2024,95
4/10/2024,80
4/9/2024,37
4/9/2024,64
4/9/2024,71
4/8/2024,54
4/8/2024,74
4/8/2024,94
4/7/2024,22
4/7/2024,67
4/7/2024,5
4/6/2024,27
4/6/2024,85
4/6/2024,8
4/5/2024,52
4/5/2024,24
4/5/2024,75
4/4/2024,68
4/4/2024,57
4/4/2024,66
4/3/2024,34
4/3/2024,99
4/3/2024,50
4/2/2024,44
4/2/2024,81
4/2/2024,89
4/1/2024,88
4/1/2024,42
4/1/2024,51
3/12/2024,53
3/12/2024,69
3/12/2024,62
3/11/2024,69
3/11/2024,59
3/11/2024,70
3/10/2024,57
3/10/2024,52
3/10/2024,72
3/9/2024,83
3/9/2024,46
3/9/2024,50
3/8/2024,27
3/8/2024,7
3/8/2024,27
3/7/2024,32
3/7/2024,73
3/7/2024,92
3/6/2024,85
3/6/2024,2
3/6/2024,94
3/5/2024,52
3/5/2024,84
3/5/2024,5
3/4/2024,10
3/4/2024,62
3/4/2024,83
3/3/2024,96
3/3/2024,11
3/3/2024,41
3/2/2024,64
3/2/2024,14
3/2/2024,1
3/1/2024,97
3/1/2024,94
3/1/2024,30
2/12/2024,18
2/12/2024,16
2/12/2024,75
2/11/2024,55
2/11/2024,4
2/11/2024,74
2/10/2024,97
2/10/2024,9
2/10/2024,32
2/9/2024,28
2/9/2024,61
2/9/2024,84
2/8/2024,12
2/8/2024,34
2/8/2024,5
2/7/2024,27
2/7/2024,29
2/7/2024,52
2/6/2024,52
2/6/2024,88
2/6/2024,66
2/5/2024,28
2/5/2024,59
2/5/2024,62
2/4/2024,70
2/4/2024,5
2/4/2024,52
2/3/2024,95
2/3/2024,25
2/3/2024,17
2/2/2024,58
2/2/2024,69
2/2/2024,39
2/1/2024,34
2/1/2024,14
2/1/2024,37
1/12/2024,74
1/12/2024,61
1/12/2024,26
1/11/2024,38
1/11/2024,22
1/11/2024,69
1/10/2024,54
1/10/2024,35
1/10/2024,26
1/9/2024,4
1/9/2024,62
1/9/2024,86
1/8/2024,31
1/8/2024,0
1/8/2024,51
1/7/2024,75
1/7/2024,72
1/7/2024,8
1/6/2024,86
1/6/2024,75
1/6/2024,35
1/5/2024,19
1/5/2024,21
1/5/2024,5
1/4/2024,23
1/4/2024,5
1/4/2024,42
1/3/2024,86
1/3/2024,58
1/3/2024,34
1/2/2024,13
1/2/2024,85
1/2/2024,6
12/12/2023,45
12/12/2023,59
12/12/2023,78
12/11/2023,40
12/11/2023,49
12/11/2023,44
12/10/2023,25
12/10/2023,61
12/10/2023,20
12/9/2023,64
12/9/2023,27
12/9/2023,27
12/8/2023,5
12/8/2023,26
12/8/2023,4
12/7/2023,96
12/7/2023,16
12/7/2023,94
12/6/2023,8
12/6/2023,84
12/6/2023,5
12/5/2023,69
12/5/2023,88
12/5/2023,26
12/4/2023,95
12/4/2023,91
12/4/2023,33
12/3/2023,8
12/3/2023,86
12/3/2023,46
12/2/2023,34
12/2/2023,60
12/2/2023,12
12/1/2023,48
12/1/2023,61
12/1/2023,74
11/12/2023,93
11/12/2023,65
11/12/2023,40
11/11/2023,37
11/11/2023,76
11/11/2023,94
11/10/2023,52
11/10/2023,84
11/10/2023,63
11/9/2023,74
11/9/2023,0
11/9/2023,13
11/8/2023,55
11/8/2023,21
11/8/2023,97
11/7/2023,10
11/7/2023,56
11/7/2023,18
11/6/2023,70
11/6/2023,84
11/6/2023,12
11/5/2023,2
11/5/2023,2
11/5/2023,73
11/4/2023,92
11/4/2023,91
11/4/2023,34
11/3/2023,2
11/3/2023,26
11/3/2023,4
11/2/2023,26
11/2/2023,41
11/2/2023,13
11/1/2023,19
11/1/2023,86
11/1/2023,76
10/12/2023,69
10/12/2023,98
10/12/2023,64
10/11/2023,14
10/11/2023,38
10/11/2023,18
10/10/2023,7
10/10/2023,62
10/10/2023,73
10/9/2023,26
10/9/2023,55
10/9/2023,72
10/8/2023,77
10/8/2023,73
10/8/2023,88
10/7/2023,48
10/7/2023,19
10/7/2023,86
10/6/2023,29
10/6/2023,15
10/6/2023,84
10/5/2023,76
10/5/2023,17
10/5/2023,82
10/4/2023,15
10/4/2023,56
10/4/2023,3
10/3/2023,90
10/3/2023,46
10/3/2023,13
10/2/2023,99
10/2/2023,8
10/2/2023,5
10/1/2023,96
10/1/2023,92
10/1/2023,82
9/12/2023,79
9/12/2023,96
9/12/2023,72
9/11/2023,18
9/11/2023,15
9/11/2023,28
9/10/2023,35
9/10/2023,32
9/10/2023,9
9/9/2023,3
9/9/2023,93
9/9/2023,8
9/8/2023,95
9/8/2023,21
9/8/2023,44
9/7/2023,80
9/7/2023,21
9/7/2023,83
9/6/2023,1
9/6/2023,66
9/6/2023,10
9/5/2023,52
9/5/2023,89
9/5/2023,47
9/3/2023,40
9/3/2023,41
9/3/2023,77
9/2/2023,3
9/2/2023,73
9/2/2023,83
9/1/2023,70
9/1/2023,1
9/1/2023,82
8/12/2023,77
8/12/2023,47
8/12/2023,12
8/11/2023,12
8/11/2023,57
8/11/2023,98
8/10/2023,38
8/10/2023,2
8/10/2023,51
8/9/2023,93
8/9/2023,41
8/9/2023,49
8/8/2023,47
8/8/2023,16
8/8/2023,3
8/7/2023,34
8/7/2023,6
8/7/2023,38
8/6/2023,10
8/6/2023,16
8/6/2023,87
8/5/2023,85
8/5/2023,40
8/5/2023,69
8/3/2023,64
8/3/2023,4
8/3/2023,36
8/2/2023,69
8/2/2023,97
8/2/2023,32
8/1/2023,79
8/1/2023,36
8/1/2023,20
7/12/2023,95
7/12/2023,45
7/12/2023,66
7/11/2023,60
7/11/2023,6
7/11/2023,55
7/10/2023,80
7/10/2023,18
7/10/2023,60
7/9/2023,99
7/9/2023,39
7/9/2023,30
7/8/2023,68
7/8/2023,5
7/8/2023,82
7/7/2023,5
7/7/2023,55
7/7/2023,41
7/6/2023,80
7/6/2023,32
7/6/2023,69
7/5/2023,78
7/5/2023,7
7/5/2023,16
7/3/2023,67
7/3/2023,38
7/3/2023,87
7/2/2023,45
7/2/2023,6
7/2/2023,59
7/1/2023,47
7/1/2023,9
7/1/2023,83
6/12/2023,4
6/12/2023,1
6/12/2023,54
6/11/2023,74
6/11/2023,14
6/11/2023,56
6/10/2023,88
6/10/2023,11
6/10/2023,93
6/9/2023,44
6/9/2023,77
6/9/2023,18
6/8/2023,63
6/8/2023,11
6/8/2023,22
6/7/2023,35
6/7/2023,21
6/7/2023,4
6/6/2023,49
6/6/2023,56
6/6/2023,83
6/5/2023,68
6/5/2023,6
6/5/2023,71
6/3/2023,97
6/3/2023,0
6/3/2023,73
6/2/2023,15
6/2/2023,29
6/2/2023,33
6/1/2023,96
6/1/2023,88
6/1/2023,18
5/12/2023,68
5/12/2023,48
5/12/2023,70
5/11/2023,36
5/11/2023,66
5/11/2023,63
5/10/2023,20
5/10/2023,86
5/10/2023,24
5/9/2023,51
5/9/2023,20
5/9/2023,64
5/8/2023,22
5/8/2023,16
5/8/2023,14
5/7/2023,56
5/7/2023,61
5/7/2023,92
5/6/2023,75
5/6/2023,53
5/6/2023,21
5/5/2023,66
5/5/2023,5
5/5/2023,30
5/4/2023,51
5/4/2023,14
5/4/2023,74
5/3/2023,57
5/3/2023,2
5/3/2023,14
5/2/2023,74
5/2/2023,2
5/2/2023,78
5/1/2023,99
5/1/2023,55
5/1/2023,6
4/12/2023,6
4/12/2023,9
4/12/2023,92
4/11/2023,52
4/11/2023,13
4/11/2023,86
4/10/2023,91
4/10/2023,71
4/10/2023,6
4/9/2023,7
4/9/2023,91
4/9/2023,87
4/8/2023,76
4/8/2023,12
4/8/2023,81
4/7/2023,68
4/7/2023,10
4/7/2023,92
4/6/2023,62
4/6/2023,14
4/6/2023,87
4/5/2023,6
4/5/2023,46
4/5/2023,2
4/4/2023,19
4/4/2023,87
4/4/2023,83
4/3/2023,39
4/3/2023,85
4/3/2023,45
4/2/2023,58
4/2/2023,48
4/2/2023,96
4/1/2023,92
4/1/2023,46
4/1/2023,90
3/12/2023,76
3/12/2023,36
3/12/2023,20
3/11/2023,88
3/11/2023,94
3/11/2023,79
3/10/2023,69
3/10/2023,29
3/10/2023,90
3/9/2023,73
3/9/2023,72
3/9/2023,65
3/8/2023,41
3/8/2023,99
3/8/2023,27
3/7/2023,86
3/7/2023,78
3/7/2023,57
3/6/2023,96
3/6/2023,2
3/6/2023,52
3/5/2023,80
3/5/2023,68
3/5/2023,25
3/4/2023,26
3/4/2023,49
3/4/2023,45
3/3/2023,39
3/3/2023,22
3/3/2023,97
3/2/2023,21
3/2/2023,16
3/2/2023,89
3/1/2023,56
3/1/2023,65
3/1/2023,40
2/12/2023,80
2/12/2023,59
2/12/2023,78
2/11/2023,22
2/11/2023,81
2/11/2023,81
2/10/2023,70
2/10/2023,39
2/10/2023,7
2/9/2023,60
2/9/2023,20
2/9/2023,81
2/8/2023,33
2/8/2023,7
2/8/2023,30
2/7/2023,53
2/7/2023,71
2/7/2023,92
2/6/2023,95
2/6/2023,45
2/6/2023,18
2/5/2023,67
2/5/2023,83
2/5/2023,51
2/4/2023,28
2/4/2023,21
2/4/2023,58
2/3/2023,19
2/3/2023,42
2/3/2023,42
2/2/2023,41
2/2/2023,67
2/2/2023,5
2/1/2023,21
2/1/2023,28
2/1/2023,51
1/12/2023,50
1/12/2023,30
1/12/2023,75
1/11/2023,92
1/11/2023,3
1/11/2023,41
1/10/2023,49
1/10/2023,88
1/10/2023,79
1/9/2023,34
1/9/2023,41
1/9/2023,95
1/8/2023,60
1/8/2023,73
1/8/2023,36
1/7/2023,74
1/7/2023,39
1/7/2023,7
1/6/2023,45
1/6/2023,32
1/6/2023,91
1/5/2023,65
1/5/2023,31
1/5/2023,25
1/4/2023,16
1/4/2023,90
1/4/2023,12
1/3/2023,87
1/3/2023,78
1/3/2023,9
1/2/2023,96
1/2/2023,16
1/2/2023,53
12/12/2022,46
12/12/2022,52
12/12/2022,21
12/11/2022,12
12/11/2022,11
12/11/2022,37
12/10/2022,29
12/10/2022,5
12/10/2022,86
12/9/2022,38
12/9/2022,29
12/9/2022,94
12/8/2022,64
12/8/2022,90
12/8/2022,53
12/7/2022,49
12/7/2022,76
12/7/2022,0
12/6/2022,19
12/6/2022,23
12/6/2022,46
12/4/2022,7
12/4/2022,27
12/4/2022,4
12/3/2022,13
12/3/2022,42
12/2/2022,66
12/2/2022,34
12/1/2022,11
12/1/2022,8
11/12/2022,14
11/12/2022,84
11/12/2022,4
11/11/2022,2
11/11/2022,7
11/11/2022,54
11/10/2022,85
11/10/2022,84
11/10/2022,65
11/9/2022,14
11/9/2022,34
11/9/2022,31
11/8/2022,38
11/8/2022,89
11/8/2022,45
11/7/2022,76
11/7/2022,61
11/7/2022,64
11/6/2022,34
11/6/2022,81
11/6/2022,35
11/5/2022,86
11/4/2022,31
11/4/2022,69
11/4/2022,9
11/3/2022,0
11/3/2022,81
11/2/2022,95
11/2/2022,38
11/1/2022,59
11/1/2022,91
10/12/2022,99
10/12/2022,99
10/12/2022,42
10/11/2022,94
10/11/2022,6
10/11/2022,11
10/10/2022,66
10/10/2022,76
10/10/2022,83
10/9/2022,53
10/9/2022,7
10/9/2022,28
10/8/2022,82
10/8/2022,85
10/8/2022,28
10/7/2022,69
10/7/2022,20
10/7/2022,79
10/6/2022,32
10/6/2022,44
10/6/2022,84
10/4/2022,12
10/4/2022,21
10/4/2022,43
10/3/2022,20
10/3/2022,61
10/2/2022,67
10/2/2022,53
10/1/2022,49
10/1/2022,36
9/12/2022,79
9/12/2022,10
9/12/2022,48
9/11/2022,73
9/11/2022,29
9/11/2022,4
9/10/2022,69
9/10/2022,2
9/10/2022,31
9/9/2022,58
9/9/2022,34
9/9/2022,94
9/8/2022,11
9/8/2022,18
9/8/2022,91
9/7/2022,65
9/7/2022,25
9/7/2022,10
9/6/2022,61
9/6/2022,33
9/6/2022,62
9/5/2022,87
9/4/2022,39
9/4/2022,69
9/4/2022,67
9/3/2022,33
9/3/2022,77
9/2/2022,65
9/2/2022,99
9/1/2022,78
9/1/2022,44
8/12/2022,5
8/12/2022,14
8/12/2022,0
8/11/2022,59
8/11/2022,53
8/11/2022,71
8/10/2022,13
8/10/2022,55
8/10/2022,2
8/9/2022,71
8/9/2022,3
8/9/2022,59
8/8/2022,75
8/8/2022,34
8/8/2022,10
8/7/2022,94
8/7/2022,94
8/7/2022,77
8/6/2022,1
8/6/2022,55
8/6/2022,62
8/5/2022,51
8/4/2022,5
8/4/2022,81
8/4/2022,19
8/3/2022,4
8/3/2022,80
8/2/2022,93
8/2/2022,83
8/1/2022,53
8/1/2022,66
7/12/2022,42
7/12/2022,50
7/12/2022,89
7/11/2022,38
7/11/2022,52
7/11/2022,71
7/10/2022,58
7/10/2022,92
7/10/2022,3
7/9/2022,18
7/9/2022,54
7/9/2022,95
7/8/2022,6
7/8/2022,49
7/8/2022,70
7/7/2022,12
7/7/2022,2
7/7/2022,45
7/6/2022,18
7/6/2022,57
7/6/2022,65
7/5/2022,22
7/5/2022,16
7/4/2022,58
7/4/2022,78
7/4/2022,25
7/3/2022,61
7/3/2022,98
7/2/2022,21
7/2/2022,93
7/1/2022,32
7/1/2022,15
6/12/2022,21
6/12/2022,95
6/12/2022,24
6/11/2022,16
6/11/2022,92
6/11/2022,60
6/10/2022,42
6/10/2022,69
6/10/2022,58
6/9/2022,8
6/9/2022,24
6/9/2022,33
6/8/2022,53
6/8/2022,47
6/8/2022,48
6/7/2022,93
6/7/2022,74
6/7/2022,20
6/6/2022,8
6/6/2022,83
6/6/2022,59
6/5/2022,45
6/4/2022,20
6/4/2022,52
6/3/2022,65
6/3/2022,43
6/1/2022,35
6/1/2022,48
5/12/2022,78
5/12/2022,23
5/12/2022,9
5/11/2022,19
5/11/2022,22
5/11/2022,26
5/10/2022,1
5/10/2022,80
5/10/2022,63
5/9/2022,70
5/9/2022,48
5/9/2022,70
5/8/2022,10
5/8/2022,85
5/8/2022,84
5/7/2022,8
5/7/2022,93
5/7/2022,55
5/5/2022,44
5/4/2022,10
5/4/2022,58
5/4/2022,9
5/3/2022,28
5/3/2022,94
5/2/2022,20
5/2/2022,62
5/1/2022,92
5/1/2022,9
4/12/2022,74
4/12/2022,60
4/12/2022,9
4/11/2022,21
4/11/2022,54
4/11/2022,44
4/10/2022,42
4/10/2022,17
4/10/2022,89
4/9/2022,71
4/9/2022,10
4/9/2022,87
4/8/2022,82
4/8/2022,59
4/8/2022,33
4/7/2022,50
4/7/2022,44
4/7/2022,97
4/5/2022,97
4/4/2022,93
4/4/2022,39
4/4/2022,37
4/3/2022,77
4/3/2022,23
4/2/2022,34
4/2/2022,38
4/1/2022,44
4/1/2022,46
3/12/2022,85
3/12/2022,49
3/12/2022,60
3/11/2022,98
3/11/2022,31
3/11/2022,70
3/10/2022,72
3/10/2022,65
3/10/2022,27
3/9/2022,95
3/9/2022,20
3/9/2022,39
3/8/2022,53
3/8/2022,30
3/8/2022,53
3/7/2022,5
3/7/2022,22
3/7/2022,19
3/6/2022,50
3/6/2022,93
3/5/2022,53
3/5/2022,99
3/3/2022,81
3/3/2022,72
3/2/2022,37
3/2/2022,61
3/1/2022,67
3/1/2022,40
2/12/2022,5
2/12/2022,11
2/12/2022,55
2/11/2022,94
2/11/2022,43
2/11/2022,91
2/10/2022,59
2/10/2022,2
2/10/2022,15
2/9/2022,90
2/9/2022,55
2/9/2022,39
2/8/2022,56
2/8/2022,94
2/8/2022,75
2/7/2022,19
2/7/2022,3
2/7/2022,18
2/5/2022,53
2/4/2022,94
2/4/2022,64
2/3/2022,50
2/3/2022,58
2/2/2022,27
2/2/2022,45
2/1/2022,36
2/1/2022,75
1/12/2022,43
1/12/2022,55
1/12/2022,8
1/11/2022,33
1/11/2022,88
1/11/2022,3
1/10/2022,50
1/10/2022,12
1/10/2022,13
1/9/2022,18
1/9/2022,34
1/9/2022,74
1/8/2022,26
1/8/2022,10
1/8/2022,59
1/7/2022,79
1/7/2022,50
1/7/2022,18
1/6/2022,1
1/5/2022,18
1/4/2022,8
1/4/2022,76
1/3/2022,59
1/3/2022,89
1/2/2022,49
1/2/2022,3
12/12/2021,32
12/12/2021,49
12/11/2021,98
12/11/2021,92
12/10/2021,51
12/10/2021,58
12/9/2021,24
12/9/2021,82
12/8/2021,81
12/8/2021,63
12/7/2021,88
12/7/2021,78
12/6/2021,34
12/6/2021,17
12/5/2021,88
12/5/2021,33
12/4/2021,26
12/4/2021,56
12/3/2021,95
12/3/2021,11
12/2/2021,83
12/2/2021,27
12/1/2021,34
12/1/2021,99
11/12/2021,5
11/12/2021,75
11/11/2021,76
11/11/2021,92
11/10/2021,54
11/10/2021,62
11/9/2021,19
11/9/2021,88
11/8/2021,41
11/8/2021,88
11/7/2021,78
11/7/2021,32
11/6/2021,77
11/6/2021,15
11/5/2021,58
11/5/2021,56
11/4/2021,3
11/4/2021,9
11/3/2021,41
11/3/2021,39
11/2/2021,63
11/2/2021,57
11/1/2021,5
11/1/2021,22
10/12/2021,92
10/12/2021,59
10/11/2021,69
10/11/2021,29
10/10/2021,62
10/10/2021,68
10/9/2021,91
10/9/2021,39
10/8/2021,73
10/8/2021,46
10/7/2021,49
10/7/2021,61
10/6/2021,41
10/6/2021,78
10/5/2021,76
10/5/2021,58
10/4/2021,83
10/4/2021,57
10/3/2021,96
10/3/2021,95
10/2/2021,97
10/2/2021,47
10/1/2021,9
10/1/2021,77
9/12/2021,61
9/12/2021,98
9/11/2021,0
9/11/2021,74
9/10/2021,99
9/10/2021,97
9/9/2021,66
9/9/2021,64
9/8/2021,92
9/8/2021,67
9/7/2021,26
9/7/2021,18
9/6/2021,70
9/6/2021,4
9/5/2021,99
9/5/2021,29
9/4/2021,46
9/4/2021,18
9/3/2021,28
9/3/2021,79
9/2/2021,66
9/2/2021,3
9/1/2021,85
9/1/2021,1
8/12/2021,75
8/12/2021,35
8/11/2021,60
8/11/2021,47
8/10/2021,44
8/10/2021,90
8/9/2021,43
8/9/2021,72
8/8/2021,97
8/8/2021,7
8/7/2021,36
8/7/2021,7
8/6/2021,23
8/6/2021,99
8/5/2021,4
8/5/2021,19
8/4/2021,86
8/4/2021,23
8/3/2021,12
8/3/2021,39
8/2/2021,48
8/2/2021,42
8/1/2021,59
8/1/2021,27
7/12/2021,77
7/12/2021,17
7/11/2021,35
7/11/2021,46
7/10/2021,16
7/10/2021,14
7/9/2021,8
7/9/2021,70
7/8/2021,17
7/8/2021,39
7/7/2021,37
7/7/2021,42
7/6/2021,69
7/6/2021,80
7/5/2021,41
7/5/2021,81
7/4/2021,5
7/4/2021,91
7/3/2021,75
7/3/2021,25
7/2/2021,73
7/2/2021,48
7/1/2021,71
7/1/2021,40
6/12/2021,74
6/12/2021,29
6/11/2021,7
6/11/2021,15
6/10/2021,47
6/10/2021,96
6/9/2021,60
6/9/2021,60
6/8/2021,41
6/8/2021,7
6/7/2021,82
6/7/2021,60
6/6/2021,54
6/6/2021,59
6/5/2021,33
6/5/2021,24
6/4/2021,53
6/4/2021,5
6/3/2021,43
6/3/2021,94
6/2/2021,20
6/2/2021,60
6/1/2021,84
6/1/2021,99
5/12/2021,5
5/12/2021,29
5/11/2021,91
5/11/2021,77
5/10/2021,91
5/10/2021,9
5/9/2021,83
5/9/2021,7
5/8/2021,16
5/8/2021,37
5/7/2021,86
5/7/2021,95
5/6/2021,30
5/5/2021,57
5/5/2021,28
5/4/2021,3
5/4/2021,73
5/3/2021,89
5/3/2021,41
5/2/2021,53
5/2/2021,37
5/1/2021,77
5/1/2021,72
4/12/2021,60
4/12/2021,81
4/11/2021,82
4/11/2021,75
4/10/2021,48
4/10/2021,26
4/9/2021,14
4/9/2021,12
4/8/2021,71
4/8/2021,45
4/7/2021,9
4/7/2021,84
4/6/2021,40
4/5/2021,92
4/5/2021,65
4/3/2021,3
4/3/2021,63
4/2/2021,49
4/2/2021,58
4/1/2021,97
4/1/2021,20
3/12/2021,92
3/12/2021,63
3/11/2021,22
3/11/2021,41
3/10/2021,37
3/10/2021,12
3/9/2021,42
3/9/2021,1
3/8/2021,8
3/8/2021,0
3/7/2021,93
3/7/2021,41
3/6/2021,96
3/6/2021,5
3/5/2021,60
3/5/2021,73
3/3/2021,97
3/3/2021,56
3/2/2021,10
3/2/2021,59
3/1/2021,60
3/1/2021,51
2/12/2021,36
2/12/2021,34
2/11/2021,60
2/11/2021,36
2/10/2021,84
2/10/2021,32
2/9/2021,76
2/9/2021,23
2/8/2021,99
2/8/2021,85
2/7/2021,35
2/7/2021,1
2/6/2021,10
2/6/2021,4
2/5/2021,41
2/5/2021,80
2/3/2021,60
2/3/2021,14
2/2/2021,21
2/2/2021,44
2/1/2021,75
2/1/2021,97
1/12/2021,79
1/12/2021,19
1/11/2021,6
1/11/2021,42
1/10/2021,92
1/10/2021,72
1/9/2021,5
1/9/2021,30
1/8/2021,9
1/8/2021,60
1/7/2021,2
1/7/2021,8
1/6/2021,28
1/5/2021,52
1/5/2021,22
1/3/2021,17
1/3/2021,36
1/2/2021,37
1/2/2021,55
20/04/2026,58
20/04/2026,43
19/04/2026,85
19/04/2026,47
19/04/2026,77
21/04/2026,43
21/04/2026,33
21/04/2026,73
20/04/2026,5
22/04/2026,25
22/04/2026,69
24/04/2026,64
24/04/2026,26
23/04/2026,33
23/04/2026,65
23/04/2026,83
25/04/2026,31
25/04/2026,40
24/04/2026,32
