dia,numero
02/01/2021,75
02/01/2021,97
03/01/2021,60
03/01/2021,51
04/01/2021,97
04/01/2021,20
05/01/2021,77
05/01/2021,72
06/01/2021,84
06/01/2021,99
07/01/2021,71
07/01/2021,40
08/01/2021,59
08/01/2021,27
09/01/2021,85
09/01/2021,1
10/01/2021,9
10/01/2021,77
11/01/2021,5
11/01/2021,22
12/01/2021,34
12/01/2021,99
13/01/2021,90
13/01/2021,41
14/01/2021,88
14/01/2021,52
15/01/2021,53
15/01/2021,18
16/01/2021,83
16/01/2021,69
17/01/2021,19
17/01/2021,80
18/01/2021,9
18/01/2021,48
19/01/2021,84
19/01/2021,85
20/01/2021,41
20/01/2021,65
21/01/2021,52
21/01/2021,76
22/01/2021,19
22/01/2021,33
23/01/2021,18
23/01/2021,49
24/01/2021,87
24/01/2021,97
25/01/2021,91
25/01/2021,32
26/01/2021,88
26/01/2021,1
27/01/2021,7
27/01/2021,91
28/01/2021,12
28/01/2021,91
29/01/2021,43
29/01/2021,51
30/01/2021,92
30/01/2021,76
31/01/2021,62
31/01/2021,2
01/02/2021,37
01/02/2021,55
02/02/2021,21
02/02/2021,44
03/02/2021,10
03/02/2021,59
04/02/2021,49
04/02/2021,58
05/02/2021,53
05/02/2021,37
06/02/2021,20
06/02/2021,60
07/02/2021,73
07/02/2021,48
08/02/2021,48
08/02/2021,42
09/02/2021,66
09/02/2021,3
10/02/2021,97
10/02/2021,47
11/02/2021,63
11/02/2021,57
12/02/2021,83
12/02/2021,27
13/02/2021,79
13/02/2021,7
14/02/2021,75
14/02/2021,78
15/02/2021,54
15/02/2021,31
16/02/2021,20
16/02/2021,7
17/02/2021,87
17/02/2021,4
18/02/2021,10
18/02/2021,86
19/02/2021,43
19/02/2021,71
20/02/2021,68
20/02/2021,16
21/02/2021,70
21/02/2021,17
22/02/2021,44
22/02/2021,90
23/02/2021,4
23/02/2021,57
24/02/2021,14
24/02/2021,52
25/02/2021,4
25/02/2021,46
26/02/2021,14
26/02/2021,59
27/02/2021,74
27/02/2021,89
28/02/2021,39
28/02/2021,42
01/03/2021,17
01/03/2021,36
02/03/2021,60
02/03/2021,14
03/03/2021,97
03/03/2021,56
04/03/2021,3
04/03/2021,63
05/03/2021,89
05/03/2021,41
06/03/2021,43
06/03/2021,94
07/03/2021,75
07/03/2021,25
08/03/2021,12
08/03/2021,39
09/03/2021,28
09/03/2021,79
10/03/2021,96
10/03/2021,95
11/03/2021,41
11/03/2021,39
12/03/2021,95
12/03/2021,11
13/03/2021,33
13/03/2021,37
14/03/2021,68
14/03/2021,35
15/03/2021,92
15/03/2021,19
16/03/2021,3
16/03/2021,53
17/03/2021,39
17/03/2021,16
18/03/2021,8
18/03/2021,20
19/03/2021,40
19/03/2021,96
20/03/2021,4
20/03/2021,25
21/03/2021,64
21/03/2021,51
22/03/2021,20
22/03/2021,61
23/03/2021,43
23/03/2021,43
24/03/2021,6
24/03/2021,10
25/03/2021,77
25/03/2021,53
26/03/2021,69
26/03/2021,33
27/03/2021,15
27/03/2021,25
28/03/2021,31
28/03/2021,89
29/03/2021,79
29/03/2021,16
30/03/2021,53
30/03/2021,70
31/03/2021,80
31/03/2021,81
05/04/2021,3
05/04/2021,73
06/04/2021,53
06/04/2021,5
07/04/2021,5
07/04/2021,91
08/04/2021,86
08/04/2021,23
09/04/2021,46
09/04/2021,18
10/04/2021,83
10/04/2021,57
11/04/2021,3
11/04/2021,9
12/04/2021,26
12/04/2021,56
13/04/2021,92
13/04/2021,50
14/04/2021,64
14/04/2021,3
15/04/2021,41
15/04/2021,74
16/04/2021,1
16/04/2021,3
17/04/2021,62
17/04/2021,68
18/04/2021,75
18/04/2021,34
19/04/2021,13
19/04/2021,69
20/04/2021,82
20/04/2021,94
21/04/2021,14
21/04/2021,76
22/04/2021,73
22/04/2021,84
23/04/2021,47
23/04/2021,65
24/04/2021,49
24/04/2021,71
25/04/2021,58
25/04/2021,60
26/04/2021,49
26/04/2021,68
27/04/2021,14
27/04/2021,68
28/04/2021,43
28/04/2021,79
29/04/2021,89
29/04/2021,1
30/04/2021,0
30/04/2021,99
01/05/2021,52
01/05/2021,22
02/05/2021,41
02/05/2021,80
03/05/2021,60
03/05/2021,73
04/05/2021,92
04/05/2021,65
05/05/2021,57
05/05/2021,28
06/05/2021,33
06/05/2021,24
07/05/2021,41
07/05/2021,81
08/05/2021,4
08/05/2021,19
09/05/2021,99
09/05/2021,29
10/05/2021,76
10/05/2021,58
11/05/2021,58
11/05/2021,56
12/05/2021,88
12/05/2021,33
13/05/2021,95
13/05/2021,76
14/05/2021,92
14/05/2021,36
15/05/2021,0
15/05/2021,20
16/05/2021,3
16/05/2021,79
17/05/2021,84
17/05/2021,61
18/05/2021,51
19/05/2021,30
19/05/2021,29
20/05/2021,22
20/05/2021,87
21/05/2021,10
21/05/2021,21
22/05/2021,24
22/05/2021,89
23/05/2021,67
23/05/2021,73
24/05/2021,41
24/05/2021,52
25/05/2021,68
25/05/2021,79
26/05/2021,19
26/05/2021,48
27/05/2021,99
27/05/2021,25
28/05/2021,75
28/05/2021,7
29/05/2021,18
29/05/2021,1
30/05/2021,90
30/05/2021,87
31/05/2021,70
31/05/2021,41
01/06/2021,28
02/06/2021,10
02/06/2021,4
03/06/2021,96
03/06/2021,5
04/06/2021,40
05/06/2021,30
06/06/2021,54
06/06/2021,59
07/06/2021,69
07/06/2021,80
08/06/2021,23
08/06/2021,99
09/06/2021,70
09/06/2021,4
10/06/2021,41
10/06/2021,78
11/06/2021,77
11/06/2021,15
12/06/2021,34
12/06/2021,17
13/06/2021,76
13/06/2021,59
14/06/2021,8
14/06/2021,48
15/06/2021,75
15/06/2021,31
16/06/2021,23
16/06/2021,22
17/06/2021,11
17/06/2021,80
18/06/2021,91
18/06/2021,36
19/06/2021,39
19/06/2021,5
20/06/2021,71
20/06/2021,66
21/06/2021,12
21/06/2021,49
22/06/2021,71
22/06/2021,86
23/06/2021,90
23/06/2021,61
24/06/2021,69
24/06/2021,8
25/06/2021,48
25/06/2021,67
26/06/2021,5
26/06/2021,53
27/06/2021,36
27/06/2021,4
28/06/2021,73
28/06/2021,97
29/06/2021,99
29/06/2021,92
30/06/2021,17
30/06/2021,48
01/07/2021,2
01/07/2021,8
02/07/2021,35
02/07/2021,1
03/07/2021,93
03/07/2021,41
04/07/2021,9
04/07/2021,84
05/07/2021,86
05/07/2021,95
06/07/2021,82
06/07/2021,60
07/07/2021,37
07/07/2021,42
08/07/2021,36
08/07/2021,7
09/07/2021,26
09/07/2021,18
10/07/2021,49
10/07/2021,61
11/07/2021,78
11/07/2021,32
12/07/2021,88
12/07/2021,78
13/07/2021,0
13/07/2021,42
14/07/2021,45
14/07/2021,74
15/07/2021,40
15/07/2021,12
16/07/2021,42
16/07/2021,78
17/07/2021,74
17/07/2021,23
18/07/2021,49
18/07/2021,35
19/07/2021,32
19/07/2021,42
20/07/2021,60
20/07/2021,77
21/07/2021,5
21/07/2021,86
22/07/2021,0
22/07/2021,27
23/07/2021,3
23/07/2021,76
24/07/2021,30
24/07/2021,99
25/07/2021,38
25/07/2021,31
26/07/2021,59
26/07/2021,57
27/07/2021,17
27/07/2021,49
28/07/2021,5
28/07/2021,88
29/07/2021,96
29/07/2021,31
30/07/2021,73
30/07/2021,61
31/07/2021,32
31/07/2021,99
01/08/2021,9
01/08/2021,60
02/08/2021,99
02/08/2021,85
03/08/2021,8
03/08/2021,0
04/08/2021,71
04/08/2021,45
05/08/2021,16
05/08/2021,37
06/08/2021,41
06/08/2021,7
07/08/2021,17
07/08/2021,39
08/08/2021,97
08/08/2021,7
09/08/2021,92
09/08/2021,67
10/08/2021,73
10/08/2021,46
11/08/2021,41
11/08/2021,88
12/08/2021,81
12/08/2021,63
13/08/2021,91
13/08/2021,30
14/08/2021,82
14/08/2021,1
16/08/2021,49
16/08/2021,65
17/08/2021,14
17/08/2021,7
18/08/2021,50
18/08/2021,96
19/08/2021,19
19/08/2021,45
20/08/2021,42
20/08/2021,85
21/08/2021,97
21/08/2021,73
22/08/2021,5
22/08/2021,30
23/08/2021,13
23/08/2021,35
24/08/2021,32
24/08/2021,93
25/08/2021,5
25/08/2021,35
26/08/2021,22
26/08/2021,81
27/08/2021,95
27/08/2021,16
28/08/2021,13
28/08/2021,69
29/08/2021,87
29/08/2021,94
30/08/2021,86
30/08/2021,75
31/08/2021,20
31/08/2021,67
01/09/2021,5
01/09/2021,30
02/09/2021,76
02/09/2021,23
03/09/2021,42
03/09/2021,1
04/09/2021,14
04/09/2021,12
05/09/2021,83
05/09/2021,7
06/09/2021,60
06/09/2021,60
07/09/2021,8
07/09/2021,70
08/09/2021,43
08/09/2021,72
09/09/2021,66
09/09/2021,64
10/09/2021,91
10/09/2021,39
11/09/2021,19
11/09/2021,88
12/09/2021,24
12/09/2021,82
13/09/2021,16
13/09/2021,96
14/09/2021,37
14/09/2021,19
15/09/2021,99
15/09/2021,2
16/09/2021,42
16/09/2021,38
17/09/2021,80
17/09/2021,77
18/09/2021,87
18/09/2021,53
19/09/2021,15
19/09/2021,61
20/09/2021,48
20/09/2021,86
21/09/2021,80
21/09/2021,24
22/09/2021,70
22/09/2021,2
23/09/2021,25
23/09/2021,36
24/09/2021,30
24/09/2021,97
25/09/2021,62
25/09/2021,81
26/09/2021,31
26/09/2021,65
27/09/2021,31
27/09/2021,52
28/09/2021,23
28/09/2021,31
29/09/2021,52
29/09/2021,69
30/09/2021,48
30/09/2021,18
01/10/2021,92
01/10/2021,72
02/10/2021,84
02/10/2021,32
03/10/2021,37
03/10/2021,12
04/10/2021,48
04/10/2021,26
05/10/2021,91
05/10/2021,9
06/10/2021,47
06/10/2021,96
07/10/2021,16
07/10/2021,14
08/10/2021,44
08/10/2021,90
09/10/2021,99
09/10/2021,97
10/10/2021,62
10/10/2021,68
11/10/2021,54
11/10/2021,62
12/10/2021,51
12/10/2021,58
13/10/2021,40
13/10/2021,48
14/10/2021,11
14/10/2021,49
15/10/2021,27
15/10/2021,35
16/10/2021,95
16/10/2021,3
17/10/2021,5
17/10/2021,81
18/10/2021,63
18/10/2021,12
19/10/2021,49
19/10/2021,70
20/10/2021,99
20/10/2021,97
21/10/2021,14
21/10/2021,84
22/10/2021,99
22/10/2021,83
23/10/2021,9
23/10/2021,31
24/10/2021,80
24/10/2021,44
25/10/2021,78
25/10/2021,22
26/10/2021,39
26/10/2021,40
27/10/2021,37
27/10/2021,47
28/10/2021,88
28/10/2021,34
29/10/2021,53
29/10/2021,44
30/10/2021,26
30/10/2021,49
31/10/2021,46
31/10/2021,26
01/11/2021,6
01/11/2021,42
02/11/2021,60
02/11/2021,36
03/11/2021,22
03/11/2021,41
04/11/2021,82
04/11/2021,75
05/11/2021,91
05/11/2021,77
06/11/2021,7
06/11/2021,15
07/11/2021,35
07/11/2021,46
08/11/2021,60
08/11/2021,47
09/11/2021,0
09/11/2021,74
10/11/2021,69
10/11/2021,29
11/11/2021,76
11/11/2021,92
12/11/2021,98
12/11/2021,92
13/11/2021,51
13/11/2021,31
14/11/2021,60
14/11/2021,39
15/11/2021,95
15/11/2021,0
16/11/2021,87
16/11/2021,74
17/11/2021,91
17/11/2021,14
18/11/2021,51
18/11/2021,36
19/11/2021,46
19/11/2021,14
20/11/2021,53
20/11/2021,13
21/11/2021,80
21/11/2021,52
22/11/2021,99
22/11/2021,32
23/11/2021,58
23/11/2021,9
24/11/2021,77
24/11/2021,39
25/11/2021,46
25/11/2021,70
26/11/2021,55
26/11/2021,35
27/11/2021,39
27/11/2021,12
28/11/2021,15
28/11/2021,25
29/11/2021,51
29/11/2021,11
30/11/2021,93
30/11/2021,44
01/12/2021,79
01/12/2021,19
02/12/2021,36
02/12/2021,34
03/12/2021,92
03/12/2021,63
04/12/2021,60
04/12/2021,81
05/12/2021,5
05/12/2021,29
06/12/2021,74
06/12/2021,29
07/12/2021,77
07/12/2021,17
08/12/2021,75
08/12/2021,35
09/12/2021,61
09/12/2021,98
10/12/2021,92
10/12/2021,59
11/12/2021,5
11/12/2021,75
12/12/2021,32
12/12/2021,49
13/12/2021,75
13/12/2021,69
14/12/2021,90
14/12/2021,74
15/12/2021,35
15/12/2021,13
16/12/2021,88
16/12/2021,36
17/12/2021,21
17/12/2021,24
18/12/2021,21
18/12/2021,24
19/12/2021,44
19/12/2021,19
20/12/2021,87
20/12/2021,63
21/12/2021,27
21/12/2021,43
22/12/2021,34
22/12/2021,80
23/12/2021,38
23/12/2021,9
24/12/2021,72
24/12/2021,39
26/12/2021,55
26/12/2021,55
27/12/2021,73
27/12/2021,85
28/12/2021,31
28/12/2021,75
29/12/2021,88
29/12/2021,77
30/12/2021,56
30/12/2021,96
31/12/2021,73
31/12/2021,98
02/01/2022,36
02/01/2022,75
03/01/2022,67
03/01/2022,40
04/01/2022,44
04/01/2022,46
05/01/2022,92
05/01/2022,9
06/01/2022,35
06/01/2022,48
07/01/2022,32
07/01/2022,15
08/01/2022,53
08/01/2022,66
09/01/2022,78
09/01/2022,44
10/01/2022,49
10/01/2022,36
11/01/2022,59
11/01/2022,91
12/01/2022,11
12/01/2022,8
13/01/2022,31
13/01/2022,86
14/01/2022,21
14/01/2022,60
15/01/2022,89
15/01/2022,44
16/01/2022,43
16/01/2022,17
17/01/2022,2
17/01/2022,95
18/01/2022,45
18/01/2022,44
19/01/2022,28
19/01/2022,15
20/01/2022,90
20/01/2022,48
21/01/2022,0
21/01/2022,92
22/01/2022,24
22/01/2022,67
23/01/2022,1
23/01/2022,88
24/01/2022,59
24/01/2022,16
25/01/2022,83
25/01/2022,38
26/01/2022,65
26/01/2022,12
27/01/2022,72
27/01/2022,14
28/01/2022,95
28/01/2022,38
29/01/2022,86
29/01/2022,5
30/01/2022,53
30/01/2022,23
31/01/2022,23
31/01/2022,17
01/02/2022,49
01/02/2022,3
02/02/2022,27
02/02/2022,45
03/02/2022,37
03/02/2022,61
04/02/2022,34
04/02/2022,38
05/02/2022,20
05/02/2022,62
07/02/2022,21
07/02/2022,93
08/02/2022,93
08/02/2022,83
09/02/2022,65
09/02/2022,99
10/02/2022,67
10/02/2022,53
11/02/2022,95
11/02/2022,38
12/02/2022,66
12/02/2022,34
13/02/2022,29
13/02/2022,91
14/02/2022,60
14/02/2022,76
15/02/2022,87
15/02/2022,46
16/02/2022,14
16/02/2022,48
17/02/2022,36
17/02/2022,90
18/02/2022,75
18/02/2022,78
19/02/2022,69
19/02/2022,82
20/02/2022,45
20/02/2022,77
21/02/2022,43
21/02/2022,50
22/02/2022,55
22/02/2022,89
23/02/2022,76
23/02/2022,18
24/02/2022,41
24/02/2022,58
25/02/2022,92
25/02/2022,73
26/02/2022,81
26/02/2022,53
27/02/2022,60
27/02/2022,98
28/02/2022,1
28/02/2022,1
01/03/2022,59
01/03/2022,89
02/03/2022,50
02/03/2022,58
03/03/2022,81
03/03/2022,72
04/03/2022,77
04/03/2022,23
05/03/2022,28
05/03/2022,94
06/03/2022,65
06/03/2022,43
07/03/2022,61
07/03/2022,98
08/03/2022,4
08/03/2022,80
09/03/2022,33
09/03/2022,77
10/03/2022,20
10/03/2022,61
11/03/2022,0
11/03/2022,81
12/03/2022,13
12/03/2022,42
13/03/2022,21
13/03/2022,84
14/03/2022,95
14/03/2022,92
15/03/2022,34
15/03/2022,51
16/03/2022,0
16/03/2022,32
17/03/2022,7
17/03/2022,44
18/03/2022,90
18/03/2022,90
19/03/2022,28
19/03/2022,75
20/03/2022,91
20/03/2022,45
21/03/2022,66
21/03/2022,39
22/03/2022,64
22/03/2022,9
23/03/2022,33
23/03/2022,21
24/03/2022,53
24/03/2022,92
25/03/2022,10
25/03/2022,82
26/03/2022,61
26/03/2022,25
27/03/2022,59
27/03/2022,1
28/03/2022,22
28/03/2022,54
29/03/2022,67
29/03/2022,49
30/03/2022,91
30/03/2022,70
31/03/2022,49
31/03/2022,13
01/04/2022,8
01/04/2022,76
02/04/2022,94
02/04/2022,64
04/04/2022,93
04/04/2022,39
04/04/2022,37
05/04/2022,10
05/04/2022,58
05/04/2022,9
06/04/2022,20
06/04/2022,52
07/04/2022,58
07/04/2022,78
07/04/2022,25
08/04/2022,5
08/04/2022,81
08/04/2022,19
09/04/2022,39
09/04/2022,69
09/04/2022,67
10/04/2022,12
10/04/2022,21
10/04/2022,43
11/04/2022,31
11/04/2022,69
11/04/2022,9
12/04/2022,7
12/04/2022,27
12/04/2022,4
13/04/2022,52
13/04/2022,52
13/04/2022,35
18/04/2022,24
18/04/2022,29
18/04/2022,13
19/04/2022,31
19/04/2022,4
19/04/2022,44
20/04/2022,65
20/04/2022,21
20/04/2022,55
21/04/2022,64
21/04/2022,12
21/04/2022,82
22/04/2022,17
22/04/2022,20
22/04/2022,73
23/04/2022,86
23/04/2022,39
23/04/2022,17
24/04/2022,26
24/04/2022,47
24/04/2022,56
25/04/2022,31
29/04/2022,90
30/04/2022,59
30/04/2022,83
01/05/2022,18
02/05/2022,53
03/05/2022,53
03/05/2022,99
04/05/2022,97
05/05/2022,44
06/05/2022,45
07/05/2022,22
07/05/2022,16
08/05/2022,51
09/05/2022,87
11/05/2022,86
13/05/2022,70
15/05/2022,40
15/05/2022,77
16/05/2022,69
16/05/2022,76
17/05/2022,47
20/05/2022,40
21/05/2022,30
21/05/2022,21
23/05/2022,38
25/05/2022,80
27/05/2022,17
28/05/2022,67
29/05/2022,66
29/05/2022,34
01/06/2022,1
03/06/2022,50
03/06/2022,93
06/06/2022,8
06/06/2022,83
06/06/2022,59
07/06/2022,18
07/06/2022,57
07/06/2022,65
08/06/2022,1
08/06/2022,55
08/06/2022,62
09/06/2022,61
09/06/2022,33
09/06/2022,62
10/06/2022,32
10/06/2022,44
10/06/2022,84
11/06/2022,34
11/06/2022,81
11/06/2022,35
12/06/2022,19
12/06/2022,23
12/06/2022,46
13/06/2022,71
13/06/2022,62
13/06/2022,26
14/06/2022,97
14/06/2022,95
14/06/2022,31
15/06/2022,38
15/06/2022,7
15/06/2022,6
16/06/2022,20
16/06/2022,8
16/06/2022,6
17/06/2022,40
17/06/2022,49
17/06/2022,22
18/06/2022,99
18/06/2022,92
18/06/2022,17
19/06/2022,87
19/06/2022,47
19/06/2022,39
20/06/2022,12
20/06/2022,0
20/06/2022,62
21/06/2022,92
21/06/2022,72
21/06/2022,52
22/06/2022,99
22/06/2022,5
22/06/2022,21
23/06/2022,98
23/06/2022,40
23/06/2022,32
24/06/2022,78
24/06/2022,14
24/06/2022,63
25/06/2022,94
25/06/2022,79
25/06/2022,84
26/06/2022,34
26/06/2022,22
26/06/2022,9
27/06/2022,44
27/06/2022,88
27/06/2022,94
28/06/2022,97
28/06/2022,89
28/06/2022,89
29/06/2022,1
29/06/2022,46
29/06/2022,96
30/06/2022,72
30/06/2022,88
30/06/2022,85
01/07/2022,79
01/07/2022,50
01/07/2022,18
02/07/2022,19
02/07/2022,3
02/07/2022,18
03/07/2022,5
03/07/2022,22
03/07/2022,19
04/07/2022,50
04/07/2022,44
04/07/2022,97
05/07/2022,8
05/07/2022,93
05/07/2022,55
06/07/2022,93
06/07/2022,74
06/07/2022,20
07/07/2022,12
07/07/2022,2
07/07/2022,45
08/07/2022,94
08/07/2022,94
08/07/2022,77
09/07/2022,65
09/07/2022,25
09/07/2022,10
10/07/2022,69
10/07/2022,20
10/07/2022,79
11/07/2022,76
11/07/2022,61
11/07/2022,64
12/07/2022,49
12/07/2022,76
12/07/2022,0
13/07/2022,84
13/07/2022,69
13/07/2022,51
14/07/2022,3
14/07/2022,87
14/07/2022,10
15/07/2022,68
15/07/2022,30
15/07/2022,63
16/07/2022,13
16/07/2022,47
16/07/2022,77
17/07/2022,3
17/07/2022,20
17/07/2022,39
18/07/2022,38
18/07/2022,55
18/07/2022,56
19/07/2022,61
19/07/2022,36
19/07/2022,26
20/07/2022,66
20/07/2022,57
20/07/2022,1
21/07/2022,36
21/07/2022,36
21/07/2022,59
22/07/2022,79
22/07/2022,69
22/07/2022,46
23/07/2022,37
23/07/2022,8
23/07/2022,68
24/07/2022,23
24/07/2022,46
24/07/2022,4
25/07/2022,78
25/07/2022,96
25/07/2022,15
26/07/2022,77
26/07/2022,6
26/07/2022,69
27/07/2022,8
27/07/2022,25
27/07/2022,72
28/07/2022,47
28/07/2022,99
28/07/2022,4
29/07/2022,97
29/07/2022,69
29/07/2022,56
30/07/2022,49
30/07/2022,18
30/07/2022,50
31/07/2022,47
31/07/2022,9
31/07/2022,41
01/08/2022,26
01/08/2022,10
01/08/2022,59
02/08/2022,56
02/08/2022,94
02/08/2022,75
03/08/2022,53
03/08/2022,30
03/08/2022,53
04/08/2022,82
04/08/2022,59
04/08/2022,33
05/08/2022,10
05/08/2022,85
05/08/2022,84
06/08/2022,53
06/08/2022,47
06/08/2022,48
07/08/2022,6
07/08/2022,49
07/08/2022,70
08/08/2022,75
08/08/2022,34
08/08/2022,10
09/08/2022,11
09/08/2022,18
09/08/2022,91
10/08/2022,82
10/08/2022,85
10/08/2022,28
11/08/2022,38
11/08/2022,89
11/08/2022,45
12/08/2022,64
12/08/2022,90
12/08/2022,53
13/08/2022,25
13/08/2022,8
13/08/2022,69
14/08/2022,68
14/08/2022,32
14/08/2022,11
15/08/2022,46
15/08/2022,69
15/08/2022,56
16/08/2022,88
16/08/2022,27
16/08/2022,24
17/08/2022,46
17/08/2022,10
17/08/2022,56
18/08/2022,72
18/08/2022,22
18/08/2022,86
19/08/2022,96
19/08/2022,26
19/08/2022,76
20/08/2022,91
20/08/2022,76
20/08/2022,52
21/08/2022,83
21/08/2022,87
21/08/2022,11
22/08/2022,20
22/08/2022,41
22/08/2022,12
23/08/2022,9
23/08/2022,12
23/08/2022,28
24/08/2022,19
24/08/2022,33
24/08/2022,45
25/08/2022,14
25/08/2022,28
25/08/2022,48
26/08/2022,81
26/08/2022,89
26/08/2022,34
27/08/2022,99
27/08/2022,30
27/08/2022,9
28/08/2022,18
28/08/2022,25
28/08/2022,3
29/08/2022,22
29/08/2022,5
29/08/2022,58
30/08/2022,61
30/08/2022,24
30/08/2022,60
31/08/2022,0
31/08/2022,22
31/08/2022,59
01/09/2022,18
01/09/2022,34
01/09/2022,74
02/09/2022,90
02/09/2022,55
02/09/2022,39
03/09/2022,95
03/09/2022,20
03/09/2022,39
04/09/2022,71
04/09/2022,10
04/09/2022,87
05/09/2022,70
05/09/2022,48
05/09/2022,70
06/09/2022,8
06/09/2022,24
06/09/2022,33
07/09/2022,18
07/09/2022,54
07/09/2022,95
08/09/2022,71
08/09/2022,3
08/09/2022,59
09/09/2022,58
09/09/2022,34
09/09/2022,94
10/09/2022,53
10/09/2022,7
10/09/2022,28
11/09/2022,14
11/09/2022,34
11/09/2022,31
12/09/2022,38
12/09/2022,29
12/09/2022,94
13/09/2022,88
13/09/2022,79
13/09/2022,88
14/09/2022,21
14/09/2022,69
14/09/2022,72
15/09/2022,63
15/09/2022,2
15/09/2022,9
16/09/2022,69
16/09/2022,14
16/09/2022,97
17/09/2022,63
17/09/2022,21
17/09/2022,49
18/09/2022,71
18/09/2022,79
18/09/2022,14
19/09/2022,29
19/09/2022,50
19/09/2022,5
20/09/2022,9
20/09/2022,68
20/09/2022,5
21/09/2022,13
21/09/2022,14
21/09/2022,61
22/09/2022,24
22/09/2022,22
22/09/2022,93
23/09/2022,69
23/09/2022,66
23/09/2022,46
24/09/2022,48
24/09/2022,77
24/09/2022,6
25/09/2022,78
25/09/2022,22
25/09/2022,38
26/09/2022,41
26/09/2022,61
26/09/2022,32
27/09/2022,24
27/09/2022,37
27/09/2022,14
28/09/2022,90
28/09/2022,79
28/09/2022,68
29/09/2022,39
29/09/2022,49
29/09/2022,57
30/09/2022,8
30/09/2022,34
30/09/2022,94
01/10/2022,50
01/10/2022,12
01/10/2022,13
02/10/2022,59
02/10/2022,2
02/10/2022,15
03/10/2022,72
03/10/2022,65
03/10/2022,27
04/10/2022,42
04/10/2022,17
04/10/2022,89
05/10/2022,1
05/10/2022,80
05/10/2022,63
06/10/2022,42
06/10/2022,69
06/10/2022,58
07/10/2022,58
07/10/2022,92
07/10/2022,3
08/10/2022,13
08/10/2022,55
08/10/2022,2
09/10/2022,69
09/10/2022,2
09/10/2022,31
10/10/2022,66
10/10/2022,76
10/10/2022,83
11/10/2022,85
11/10/2022,84
11/10/2022,65
12/10/2022,29
12/10/2022,5
12/10/2022,86
13/10/2022,37
13/10/2022,57
13/10/2022,62
14/10/2022,57
14/10/2022,58
14/10/2022,14
15/10/2022,54
15/10/2022,51
15/10/2022,49
16/10/2022,29
16/10/2022,6
16/10/2022,41
17/10/2022,58
17/10/2022,79
17/10/2022,91
18/10/2022,73
18/10/2022,86
18/10/2022,82
19/10/2022,34
19/10/2022,90
19/10/2022,88
20/10/2022,53
20/10/2022,86
20/10/2022,69
21/10/2022,39
21/10/2022,2
21/10/2022,90
22/10/2022,80
22/10/2022,22
22/10/2022,65
23/10/2022,10
23/10/2022,76
23/10/2022,33
24/10/2022,55
24/10/2022,85
24/10/2022,45
25/10/2022,19
25/10/2022,11
25/10/2022,24
26/10/2022,63
26/10/2022,98
26/10/2022,5
27/10/2022,70
27/10/2022,73
27/10/2022,29
28/10/2022,66
28/10/2022,64
28/10/2022,35
29/10/2022,34
29/10/2022,12
29/10/2022,44
30/10/2022,14
30/10/2022,43
30/10/2022,29
31/10/2022,20
31/10/2022,79
31/10/2022,88
01/11/2022,33
01/11/2022,88
01/11/2022,3
02/11/2022,94
02/11/2022,43
02/11/2022,91
03/11/2022,98
03/11/2022,31
03/11/2022,70
04/11/2022,21
04/11/2022,54
04/11/2022,44
05/11/2022,19
05/11/2022,22
05/11/2022,26
06/11/2022,16
06/11/2022,92
06/11/2022,60
07/11/2022,38
07/11/2022,52
07/11/2022,71
08/11/2022,59
08/11/2022,53
08/11/2022,71
09/11/2022,73
09/11/2022,29
09/11/2022,4
10/11/2022,94
10/11/2022,6
10/11/2022,11
11/11/2022,2
11/11/2022,7
11/11/2022,54
12/11/2022,12
12/11/2022,11
12/11/2022,37
13/11/2022,77
13/11/2022,10
13/11/2022,81
14/11/2022,90
14/11/2022,89
14/11/2022,80
15/11/2022,8
15/11/2022,55
15/11/2022,94
16/11/2022,95
16/11/2022,62
16/11/2022,30
17/11/2022,86
17/11/2022,31
17/11/2022,70
18/11/2022,10
18/11/2022,72
18/11/2022,44
19/11/2022,21
19/11/2022,18
19/11/2022,94
20/11/2022,90
20/11/2022,66
20/11/2022,66
21/11/2022,90
21/11/2022,10
21/11/2022,73
22/11/2022,14
22/11/2022,74
22/11/2022,99
23/11/2022,58
23/11/2022,6
23/11/2022,59
24/11/2022,6
24/11/2022,28
24/11/2022,60
25/11/2022,91
25/11/2022,46
25/11/2022,4
26/11/2022,10
26/11/2022,97
26/11/2022,59
27/11/2022,58
27/11/2022,9
27/11/2022,53
28/11/2022,46
28/11/2022,57
28/11/2022,12
29/11/2022,57
29/11/2022,76
29/11/2022,48
30/11/2022,98
30/11/2022,69
30/11/2022,32
01/12/2022,43
01/12/2022,55
01/12/2022,8
02/12/2022,5
02/12/2022,11
02/12/2022,55
03/12/2022,85
03/12/2022,49
03/12/2022,60
04/12/2022,74
04/12/2022,60
04/12/2022,9
05/12/2022,78
05/12/2022,23
05/12/2022,9
06/12/2022,21
06/12/2022,95
06/12/2022,24
07/12/2022,42
07/12/2022,50
07/12/2022,89
08/12/2022,5
08/12/2022,14
08/12/2022,0
09/12/2022,79
09/12/2022,10
09/12/2022,48
10/12/2022,99
10/12/2022,99
10/12/2022,42
11/12/2022,14
11/12/2022,84
11/12/2022,4
12/12/2022,46
12/12/2022,52
12/12/2022,21
13/12/2022,84
13/12/2022,77
13/12/2022,58
14/12/2022,46
14/12/2022,42
14/12/2022,86
15/12/2022,27
15/12/2022,91
15/12/2022,95
16/12/2022,68
16/12/2022,69
16/12/2022,53
17/12/2022,69
17/12/2022,33
17/12/2022,35
18/12/2022,74
18/12/2022,10
18/12/2022,0
19/12/2022,35
19/12/2022,49
19/12/2022,40
20/12/2022,90
20/12/2022,87
20/12/2022,26
21/12/2022,96
21/12/2022,89
21/12/2022,67
22/12/2022,51
22/12/2022,99
22/12/2022,70
23/12/2022,90
23/12/2022,8
23/12/2022,50
24/12/2022,30
24/12/2022,71
26/12/2022,13
26/12/2022,53
26/12/2022,47
27/12/2022,77
27/12/2022,40
27/12/2022,57
28/12/2022,39
28/12/2022,59
28/12/2022,0
29/12/2022,38
29/12/2022,52
29/12/2022,91
30/12/2022,71
30/12/2022,69
30/12/2022,80
31/12/2022,72
31/12/2022,76
02/01/2023,21
02/01/2023,28
02/01/2023,51
03/01/2023,56
03/01/2023,65
03/01/2023,40
04/01/2023,92
04/01/2023,46
04/01/2023,90
05/01/2023,99
05/01/2023,55
05/01/2023,6
06/01/2023,96
06/01/2023,88
06/01/2023,18
07/01/2023,47
07/01/2023,9
07/01/2023,83
08/01/2023,79
08/01/2023,36
08/01/2023,20
09/01/2023,70
09/01/2023,1
09/01/2023,82
10/01/2023,96
10/01/2023,92
10/01/2023,82
11/01/2023,19
11/01/2023,86
11/01/2023,76
12/01/2023,48
12/01/2023,61
12/01/2023,74
13/01/2023,93
13/01/2023,53
13/01/2023,4
14/01/2023,12
14/01/2023,66
14/01/2023,68
15/01/2023,60
15/01/2023,98
15/01/2023,81
16/01/2023,6
16/01/2023,83
16/01/2023,99
17/01/2023,39
17/01/2023,1
17/01/2023,49
18/01/2023,51
18/01/2023,17
18/01/2023,92
19/01/2023,86
19/01/2023,64
19/01/2023,42
20/01/2023,46
20/01/2023,14
20/01/2023,6
21/01/2023,18
21/01/2023,57
21/01/2023,94
22/01/2023,69
22/01/2023,22
22/01/2023,78
23/01/2023,48
23/01/2023,92
23/01/2023,59
24/01/2023,61
24/01/2023,67
24/01/2023,76
25/01/2023,3
25/01/2023,78
25/01/2023,23
26/01/2023,17
26/01/2023,67
26/01/2023,93
27/01/2023,29
27/01/2023,84
27/01/2023,72
28/01/2023,64
28/01/2023,3
28/01/2023,71
29/01/2023,6
29/01/2023,59
29/01/2023,60
30/01/2023,9
30/01/2023,44
30/01/2023,4
31/01/2023,82
31/01/2023,53
31/01/2023,33
01/02/2023,96
01/02/2023,16
01/02/2023,53
02/02/2023,41
02/02/2023,67
02/02/2023,5
03/02/2023,21
03/02/2023,16
03/02/2023,89
04/02/2023,58
04/02/2023,48
04/02/2023,96
05/02/2023,74
05/02/2023,2
05/02/2023,78
06/02/2023,15
06/02/2023,29
06/02/2023,33
07/02/2023,45
07/02/2023,6
07/02/2023,59
08/02/2023,69
08/02/2023,97
08/02/2023,32
09/02/2023,3
09/02/2023,73
09/02/2023,83
10/02/2023,99
10/02/2023,8
10/02/2023,5
11/02/2023,26
11/02/2023,41
11/02/2023,13
12/02/2023,34
12/02/2023,60
12/02/2023,12
13/02/2023,53
13/02/2023,26
13/02/2023,4
14/02/2023,45
14/02/2023,76
14/02/2023,50
15/02/2023,51
15/02/2023,87
15/02/2023,85
16/02/2023,45
16/02/2023,95
16/02/2023,25
17/02/2023,88
17/02/2023,53
17/02/2023,61
18/02/2023,78
18/02/2023,23
18/02/2023,68
19/02/2023,46
19/02/2023,93
19/02/2023,54
20/02/2023,63
20/02/2023,56
20/02/2023,41
21/02/2023,8
21/02/2023,57
21/02/2023,58
22/02/2023,45
22/02/2023,65
22/02/2023,38
23/02/2023,97
23/02/2023,44
23/02/2023,38
24/02/2023,16
24/02/2023,73
24/02/2023,57
25/02/2023,35
25/02/2023,43
25/02/2023,90
26/02/2023,7
26/02/2023,94
26/02/2023,67
27/02/2023,46
27/02/2023,30
27/02/2023,29
28/02/2023,62
28/02/2023,50
28/02/2023,64
01/03/2023,87
01/03/2023,78
01/03/2023,9
02/03/2023,19
02/03/2023,42
02/03/2023,42
03/03/2023,39
03/03/2023,22
03/03/2023,97
04/03/2023,39
04/03/2023,85
04/03/2023,45
05/03/2023,57
05/03/2023,2
05/03/2023,14
06/03/2023,97
06/03/2023,0
06/03/2023,73
07/03/2023,67
07/03/2023,38
07/03/2023,87
08/03/2023,64
08/03/2023,4
08/03/2023,36
09/03/2023,40
09/03/2023,41
09/03/2023,77
10/03/2023,90
10/03/2023,46
10/03/2023,13
11/03/2023,2
11/03/2023,26
11/03/2023,4
12/03/2023,8
12/03/2023,86
12/03/2023,46
13/03/2023,11
13/03/2023,12
13/03/2023,37
14/03/2023,42
14/03/2023,49
14/03/2023,32
15/03/2023,28
15/03/2023,37
15/03/2023,31
16/03/2023,4
16/03/2023,87
16/03/2023,2
17/03/2023,18
17/03/2023,24
17/03/2023,44
18/03/2023,5
18/03/2023,29
18/03/2023,27
19/03/2023,11
19/03/2023,75
19/03/2023,0
20/03/2023,32
20/03/2023,14
20/03/2023,9
21/03/2023,16
21/03/2023,82
21/03/2023,67
22/03/2023,13
22/03/2023,65
22/03/2023,40
23/03/2023,13
23/03/2023,93
23/03/2023,43
24/03/2023,34
24/03/2023,57
24/03/2023,7
25/03/2023,82
25/03/2023,51
25/03/2023,61
26/03/2023,85
26/03/2023,37
26/03/2023,16
27/03/2023,39
27/03/2023,83
27/03/2023,22
28/03/2023,93
28/03/2023,99
28/03/2023,7
29/03/2023,23
29/03/2023,93
29/03/2023,23
30/03/2023,8
30/03/2023,97
30/03/2023,96
31/03/2023,49
31/03/2023,29
31/03/2023,94
01/04/2023,16
01/04/2023,90
01/04/2023,12
02/04/2023,28
02/04/2023,21
02/04/2023,58
03/04/2023,26
03/04/2023,49
03/04/2023,45
04/04/2023,19
04/04/2023,87
04/04/2023,83
05/04/2023,51
05/04/2023,14
05/04/2023,74
10/04/2023,15
10/04/2023,56
10/04/2023,3
11/04/2023,92
11/04/2023,91
11/04/2023,34
12/04/2023,95
12/04/2023,91
12/04/2023,33
13/04/2023,43
13/04/2023,85
13/04/2023,1
14/04/2023,50
14/04/2023,43
14/04/2023,69
15/04/2023,46
15/04/2023,15
15/04/2023,83
16/04/2023,9
16/04/2023,7
16/04/2023,63
17/04/2023,25
17/04/2023,55
17/04/2023,68
18/04/2023,61
18/04/2023,59
18/04/2023,26
19/04/2023,57
19/04/2023,62
19/04/2023,77
20/04/2023,82
20/04/2023,58
20/04/2023,21
21/04/2023,71
21/04/2023,22
21/04/2023,86
22/04/2023,82
22/04/2023,53
22/04/2023,75
23/04/2023,75
23/04/2023,73
23/04/2023,81
24/04/2023,73
24/04/2023,62
24/04/2023,20
25/04/2023,75
25/04/2023,16
25/04/2023,11
26/04/2023,86
26/04/2023,79
26/04/2023,55
27/04/2023,71
27/04/2023,87
27/04/2023,32
28/04/2023,73
28/04/2023,36
28/04/2023,4
29/04/2023,25
29/04/2023,70
29/04/2023,61
30/04/2023,65
30/04/2023,29
30/04/2023,96
01/05/2023,65
01/05/2023,31
01/05/2023,25
02/05/2023,67
02/05/2023,83
02/05/2023,51
03/05/2023,80
03/05/2023,68
03/05/2023,25
04/05/2023,6
04/05/2023,46
04/05/2023,2
05/05/2023,66
05/05/2023,5
05/05/2023,30
06/05/2023,68
06/05/2023,6
06/05/2023,71
07/05/2023,78
07/05/2023,7
07/05/2023,16
08/05/2023,85
08/05/2023,40
08/05/2023,69
09/05/2023,52
09/05/2023,89
09/05/2023,47
10/05/2023,76
10/05/2023,17
10/05/2023,82
11/05/2023,2
11/05/2023,2
11/05/2023,73
12/05/2023,69
12/05/2023,88
12/05/2023,26
13/05/2023,56
13/05/2023,95
13/05/2023,2
14/05/2023,92
14/05/2023,64
14/05/2023,90
15/05/2023,20
15/05/2023,79
15/05/2023,12
16/05/2023,85
16/05/2023,87
16/05/2023,79
17/05/2023,78
17/05/2023,69
17/05/2023,20
18/05/2023,31
18/05/2023,51
18/05/2023,54
19/05/2023,24
19/05/2023,69
19/05/2023,57
20/05/2023,98
20/05/2023,65
20/05/2023,80
21/05/2023,55
21/05/2023,23
21/05/2023,55
22/05/2023,13
22/05/2023,95
22/05/2023,31
23/05/2023,22
23/05/2023,83
23/05/2023,89
24/05/2023,90
24/05/2023,70
24/05/2023,75
25/05/2023,61
25/05/2023,30
25/05/2023,52
26/05/2023,61
26/05/2023,98
26/05/2023,60
27/05/2023,80
27/05/2023,9
27/05/2023,13
28/05/2023,2
28/05/2023,64
28/05/2023,22
29/05/2023,27
29/05/2023,92
29/05/2023,21
30/05/2023,16
30/05/2023,35
30/05/2023,90
31/05/2023,35
31/05/2023,15
31/05/2023,83
01/06/2023,45
01/06/2023,32
01/06/2023,91
02/06/2023,95
02/06/2023,45
02/06/2023,18
03/06/2023,96
03/06/2023,2
03/06/2023,52
04/06/2023,62
04/06/2023,14
04/06/2023,87
05/06/2023,75
05/06/2023,53
05/06/2023,21
06/06/2023,49
06/06/2023,56
06/06/2023,83
07/06/2023,80
07/06/2023,32
07/06/2023,69
08/06/2023,10
08/06/2023,16
08/06/2023,87
09/06/2023,1
09/06/2023,66
09/06/2023,10
10/06/2023,29
10/06/2023,15
10/06/2023,84
11/06/2023,70
11/06/2023,84
11/06/2023,12
12/06/2023,8
12/06/2023,84
12/06/2023,5
13/06/2023,58
13/06/2023,81
13/06/2023,23
14/06/2023,23
14/06/2023,23
14/06/2023,56
15/06/2023,94
15/06/2023,86
15/06/2023,79
16/06/2023,86
16/06/2023,68
16/06/2023,91
17/06/2023,93
17/06/2023,4
17/06/2023,7
18/06/2023,81
18/06/2023,99
18/06/2023,85
19/06/2023,28
19/06/2023,16
19/06/2023,84
20/06/2023,63
20/06/2023,0
20/06/2023,76
21/06/2023,90
21/06/2023,66
21/06/2023,96
22/06/2023,13
22/06/2023,46
22/06/2023,79
23/06/2023,41
23/06/2023,21
23/06/2023,27
24/06/2023,56
24/06/2023,9
24/06/2023,64
25/06/2023,94
25/06/2023,77
25/06/2023,59
26/06/2023,53
26/06/2023,62
26/06/2023,30
27/06/2023,0
27/06/2023,35
27/06/2023,66
28/06/2023,54
28/06/2023,39
28/06/2023,22
29/06/2023,40
29/06/2023,88
29/06/2023,21
30/06/2023,74
30/06/2023,29
30/06/2023,31
01/07/2023,74
01/07/2023,39
01/07/2023,7
02/07/2023,53
02/07/2023,71
02/07/2023,92
03/07/2023,86
03/07/2023,78
03/07/2023,57
04/07/2023,68
04/07/2023,10
04/07/2023,92
05/07/2023,56
05/07/2023,61
05/07/2023,92
06/07/2023,35
06/07/2023,21
06/07/2023,4
07/07/2023,5
07/07/2023,55
07/07/2023,41
08/07/2023,34
08/07/2023,6
08/07/2023,38
09/07/2023,80
09/07/2023,21
09/07/2023,83
10/07/2023,48
10/07/2023,19
10/07/2023,86
11/07/2023,10
11/07/2023,56
11/07/2023,18
12/07/2023,96
12/07/2023,16
12/07/2023,94
13/07/2023,98
13/07/2023,73
13/07/2023,24
14/07/2023,6
14/07/2023,33
14/07/2023,91
15/07/2023,43
15/07/2023,1
15/07/2023,79
16/07/2023,44
16/07/2023,12
16/07/2023,19
17/07/2023,60
17/07/2023,81
17/07/2023,22
18/07/2023,15
18/07/2023,72
18/07/2023,74
19/07/2023,61
19/07/2023,25
19/07/2023,75
20/07/2023,12
20/07/2023,85
20/07/2023,61
21/07/2023,39
21/07/2023,89
21/07/2023,30
22/07/2023,52
22/07/2023,42
22/07/2023,28
23/07/2023,28
23/07/2023,36
23/07/2023,60
24/07/2023,91
24/07/2023,39
24/07/2023,55
25/07/2023,15
25/07/2023,82
25/07/2023,29
26/07/2023,49
26/07/2023,32
26/07/2023,92
27/07/2023,76
27/07/2023,20
27/07/2023,97
28/07/2023,91
28/07/2023,37
28/07/2023,91
29/07/2023,47
29/07/2023,45
29/07/2023,9
30/07/2023,13
30/07/2023,92
30/07/2023,40
31/07/2023,38
31/07/2023,24
31/07/2023,97
01/08/2023,60
01/08/2023,73
01/08/2023,36
02/08/2023,33
02/08/2023,7
02/08/2023,30
03/08/2023,41
03/08/2023,99
03/08/2023,27
04/08/2023,76
04/08/2023,12
04/08/2023,81
05/08/2023,22
05/08/2023,16
05/08/2023,14
06/08/2023,63
06/08/2023,11
06/08/2023,22
07/08/2023,68
07/08/2023,5
07/08/2023,82
08/08/2023,47
08/08/2023,16
08/08/2023,3
09/08/2023,95
09/08/2023,21
09/08/2023,44
10/08/2023,77
10/08/2023,73
10/08/2023,88
11/08/2023,55
11/08/2023,21
11/08/2023,97
12/08/2023,5
12/08/2023,26
12/08/2023,4
13/08/2023,36
13/08/2023,34
13/08/2023,21
14/08/2023,64
14/08/2023,10
14/08/2023,52
15/08/2023,91
15/08/2023,12
15/08/2023,11
16/08/2023,24
16/08/2023,94
16/08/2023,48
17/08/2023,41
17/08/2023,3
17/08/2023,77
18/08/2023,51
18/08/2023,82
18/08/2023,63
19/08/2023,78
19/08/2023,19
19/08/2023,61
20/08/2023,71
20/08/2023,64
20/08/2023,94
21/08/2023,1
21/08/2023,71
21/08/2023,93
22/08/2023,42
22/08/2023,29
22/08/2023,9
23/08/2023,91
23/08/2023,44
23/08/2023,37
24/08/2023,1
24/08/2023,16
24/08/2023,88
25/08/2023,0
25/08/2023,78
25/08/2023,19
26/08/2023,66
26/08/2023,44
26/08/2023,35
27/08/2023,30
27/08/2023,48
27/08/2023,67
28/08/2023,32
28/08/2023,3
28/08/2023,91
29/08/2023,21
29/08/2023,70
29/08/2023,42
30/08/2023,99
30/08/2023,97
30/08/2023,82
31/08/2023,92
31/08/2023,10
31/08/2023,32
01/09/2023,34
01/09/2023,41
01/09/2023,95
02/09/2023,60
02/09/2023,20
02/09/2023,81
03/09/2023,73
03/09/2023,72
03/09/2023,65
04/09/2023,7
04/09/2023,91
04/09/2023,87
05/09/2023,51
05/09/2023,20
05/09/2023,64
06/09/2023,44
06/09/2023,77
06/09/2023,18
07/09/2023,99
07/09/2023,39
07/09/2023,30
08/09/2023,93
08/09/2023,41
08/09/2023,49
09/09/2023,3
09/09/2023,93
09/09/2023,8
10/09/2023,26
10/09/2023,55
10/09/2023,72
11/09/2023,74
11/09/2023,0
11/09/2023,13
12/09/2023,64
12/09/2023,27
12/09/2023,27
13/09/2023,68
13/09/2023,52
13/09/2023,82
14/09/2023,62
14/09/2023,14
14/09/2023,51
15/09/2023,56
15/09/2023,82
15/09/2023,64
16/09/2023,39
16/09/2023,64
16/09/2023,96
17/09/2023,77
17/09/2023,53
17/09/2023,19
18/09/2023,24
18/09/2023,29
18/09/2023,11
19/09/2023,46
19/09/2023,35
19/09/2023,17
20/09/2023,62
20/09/2023,87
20/09/2023,37
21/09/2023,43
21/09/2023,92
21/09/2023,83
22/09/2023,46
22/09/2023,43
22/09/2023,1
23/09/2023,48
23/09/2023,9
23/09/2023,33
24/09/2023,74
24/09/2023,98
24/09/2023,11
25/09/2023,75
25/09/2023,6
25/09/2023,4
26/09/2023,40
26/09/2023,87
26/09/2023,67
27/09/2023,57
27/09/2023,23
27/09/2023,54
28/09/2023,15
28/09/2023,63
28/09/2023,69
29/09/2023,24
29/09/2023,57
29/09/2023,70
30/09/2023,30
30/09/2023,50
30/09/2023,36
01/10/2023,49
01/10/2023,88
01/10/2023,79
02/10/2023,70
02/10/2023,39
02/10/2023,7
03/10/2023,69
03/10/2023,29
03/10/2023,90
04/10/2023,91
04/10/2023,71
04/10/2023,6
05/10/2023,20
05/10/2023,86
05/10/2023,24
06/10/2023,88
06/10/2023,11
06/10/2023,93
07/10/2023,80
07/10/2023,18
07/10/2023,60
08/10/2023,38
08/10/2023,2
08/10/2023,51
09/10/2023,35
09/10/2023,32
09/10/2023,9
10/10/2023,7
10/10/2023,62
10/10/2023,73
11/10/2023,52
11/10/2023,84
11/10/2023,63
12/10/2023,25
12/10/2023,61
12/10/2023,20
13/10/2023,7
13/10/2023,97
13/10/2023,57
14/10/2023,74
14/10/2023,2
14/10/2023,21
15/10/2023,55
15/10/2023,92
15/10/2023,41
16/10/2023,52
16/10/2023,15
16/10/2023,0
17/10/2023,85
17/10/2023,26
17/10/2023,25
18/10/2023,70
18/10/2023,63
18/10/2023,21
19/10/2023,31
19/10/2023,20
19/10/2023,68
20/10/2023,57
20/10/2023,66
20/10/2023,81
21/10/2023,62
21/10/2023,82
21/10/2023,90
22/10/2023,11
22/10/2023,8
22/10/2023,98
23/10/2023,94
23/10/2023,67
23/10/2023,72
24/10/2023,29
24/10/2023,31
24/10/2023,71
25/10/2023,5
25/10/2023,98
25/10/2023,39
26/10/2023,78
26/10/2023,52
26/10/2023,89
27/10/2023,75
27/10/2023,90
27/10/2023,27
28/10/2023,28
28/10/2023,95
28/10/2023,4
29/10/2023,88
29/10/2023,69
29/10/2023,84
30/10/2023,34
30/10/2023,39
30/10/2023,68
31/10/2023,88
31/10/2023,0
31/10/2023,64
01/11/2023,92
01/11/2023,3
01/11/2023,41
02/11/2023,22
02/11/2023,81
02/11/2023,81
03/11/2023,88
03/11/2023,94
03/11/2023,79
04/11/2023,52
04/11/2023,13
04/11/2023,86
05/11/2023,36
05/11/2023,66
05/11/2023,63
06/11/2023,74
06/11/2023,14
06/11/2023,56
07/11/2023,60
07/11/2023,6
07/11/2023,55
08/11/2023,12
08/11/2023,57
08/11/2023,98
09/11/2023,18
09/11/2023,15
09/11/2023,28
10/11/2023,14
10/11/2023,38
10/11/2023,18
11/11/2023,37
11/11/2023,76
11/11/2023,94
12/11/2023,40
12/11/2023,49
12/11/2023,44
13/11/2023,56
13/11/2023,9
13/11/2023,57
14/11/2023,63
14/11/2023,19
14/11/2023,53
15/11/2023,72
15/11/2023,70
15/11/2023,2
16/11/2023,84
16/11/2023,58
16/11/2023,3
17/11/2023,35
17/11/2023,70
17/11/2023,57
18/11/2023,68
18/11/2023,64
18/11/2023,72
19/11/2023,60
19/11/2023,51
19/11/2023,27
20/11/2023,9
20/11/2023,8
20/11/2023,42
21/11/2023,42
21/11/2023,41
21/11/2023,27
22/11/2023,84
22/11/2023,78
22/11/2023,9
23/11/2023,24
23/11/2023,83
23/11/2023,86
24/11/2023,4
24/11/2023,46
24/11/2023,69
25/11/2023,21
25/11/2023,48
25/11/2023,51
26/11/2023,98
26/11/2023,89
26/11/2023,15
27/11/2023,60
27/11/2023,89
27/11/2023,10
28/11/2023,75
28/11/2023,52
28/11/2023,36
29/11/2023,64
29/11/2023,41
29/11/2023,98
30/11/2023,68
30/11/2023,2
30/11/2023,31
01/12/2023,50
01/12/2023,30
01/12/2023,75
02/12/2023,80
02/12/2023,59
02/12/2023,78
03/12/2023,76
03/12/2023,36
03/12/2023,20
04/12/2023,6
04/12/2023,9
04/12/2023,92
05/12/2023,68
05/12/2023,48
05/12/2023,70
06/12/2023,4
06/12/2023,1
06/12/2023,54
07/12/2023,95
07/12/2023,45
07/12/2023,66
08/12/2023,77
08/12/2023,47
08/12/2023,12
09/12/2023,79
09/12/2023,96
09/12/2023,72
10/12/2023,69
10/12/2023,98
10/12/2023,64
11/12/2023,93
11/12/2023,65
11/12/2023,40
12/12/2023,45
12/12/2023,59
12/12/2023,78
13/12/2023,8
13/12/2023,49
13/12/2023,32
14/12/2023,86
14/12/2023,25
14/12/2023,63
15/12/2023,31
15/12/2023,22
15/12/2023,31
16/12/2023,35
16/12/2023,43
16/12/2023,5
17/12/2023,30
17/12/2023,84
17/12/2023,94
18/12/2023,47
18/12/2023,54
18/12/2023,95
19/12/2023,73
19/12/2023,59
19/12/2023,36
20/12/2023,70
20/12/2023,43
20/12/2023,32
21/12/2023,42
21/12/2023,35
21/12/2023,4
22/12/2023,79
22/12/2023,79
22/12/2023,92
23/12/2023,85
23/12/2023,86
23/12/2023,98
24/12/2023,72
24/12/2023,92
26/12/2023,27
26/12/2023,2
26/12/2023,84
27/12/2023,32
27/12/2023,95
27/12/2023,18
28/12/2023,38
28/12/2023,95
28/12/2023,34
29/12/2023,40
29/12/2023,38
29/12/2023,68
30/12/2023,81
30/12/2023,91
30/12/2023,55
31/12/2023,28
31/12/2023,16
02/01/2024,34
02/01/2024,14
02/01/2024,37
03/01/2024,97
03/01/2024,94
03/01/2024,30
04/01/2024,88
04/01/2024,42
04/01/2024,51
05/01/2024,64
05/01/2024,74
05/01/2024,73
06/01/2024,77
06/01/2024,92
06/01/2024,68
07/01/2024,98
07/01/2024,57
07/01/2024,60
08/01/2024,27
08/01/2024,69
08/01/2024,89
09/01/2024,58
09/01/2024,33
09/01/2024,66
10/01/2024,70
10/01/2024,77
10/01/2024,24
11/01/2024,1
11/01/2024,24
11/01/2024,8
12/01/2024,76
12/01/2024,42
12/01/2024,3
13/01/2024,73
13/01/2024,11
13/01/2024,40
14/01/2024,76
14/01/2024,36
14/01/2024,41
15/01/2024,75
15/01/2024,59
15/01/2024,92
16/01/2024,66
16/01/2024,79
16/01/2024,49
17/01/2024,55
17/01/2024,10
17/01/2024,62
18/01/2024,29
18/01/2024,40
18/01/2024,20
19/01/2024,19
19/01/2024,62
19/01/2024,98
20/01/2024,48
20/01/2024,62
20/01/2024,67
21/01/2024,95
21/01/2024,60
21/01/2024,44
22/01/2024,45
22/01/2024,63
22/01/2024,95
23/01/2024,28
23/01/2024,47
23/01/2024,51
24/01/2024,33
24/01/2024,19
24/01/2024,76
25/01/2024,64
25/01/2024,20
25/01/2024,64
26/01/2024,87
26/01/2024,89
26/01/2024,10
27/01/2024,69
27/01/2024,44
27/01/2024,1
28/01/2024,33
28/01/2024,49
28/01/2024,7
29/01/2024,51
29/01/2024,1
29/01/2024,33
30/01/2024,14
30/01/2024,38
30/01/2024,27
31/01/2024,1
31/01/2024,19
31/01/2024,17
01/02/2024,13
01/02/2024,85
01/02/2024,6
02/02/2024,58
02/02/2024,69
02/02/2024,39
03/02/2024,64
03/02/2024,14
03/02/2024,1
04/02/2024,44
04/02/2024,81
04/02/2024,89
05/02/2024,21
05/02/2024,36
05/02/2024,19
06/02/2024,13
06/02/2024,93
06/02/2024,80
07/02/2024,53
07/02/2024,98
07/02/2024,0
08/02/2024,90
08/02/2024,28
08/02/2024,73
09/02/2024,26
09/02/2024,92
09/02/2024,74
10/02/2024,30
10/02/2024,13
10/02/2024,11
11/02/2024,55
11/02/2024,60
11/02/2024,94
12/02/2024,74
12/02/2024,51
12/02/2024,24
13/02/2024,62
13/02/2024,67
13/02/2024,6
14/02/2024,67
14/02/2024,80
14/02/2024,89
15/02/2024,40
15/02/2024,77
15/02/2024,1
16/02/2024,21
16/02/2024,40
16/02/2024,44
17/02/2024,71
17/02/2024,16
17/02/2024,28
18/02/2024,51
18/02/2024,2
18/02/2024,66
19/02/2024,66
19/02/2024,45
19/02/2024,99
20/02/2024,42
20/02/2024,97
20/02/2024,30
21/02/2024,72
21/02/2024,20
21/02/2024,23
22/02/2024,43
22/02/2024,48
22/02/2024,0
23/02/2024,91
23/02/2024,35
23/02/2024,6
24/02/2024,58
24/02/2024,46
24/02/2024,84
25/02/2024,50
25/02/2024,0
25/02/2024,80
26/02/2024,12
26/02/2024,49
26/02/2024,53
27/02/2024,89
27/02/2024,43
27/02/2024,84
28/02/2024,29
28/02/2024,23
28/02/2024,97
29/02/2024,31
29/02/2024,98
29/02/2024,72
01/03/2024,86
01/03/2024,58
01/03/2024,34
02/03/2024,95
02/03/2024,25
02/03/2024,17
03/03/2024,96
03/03/2024,11
03/03/2024,41
04/03/2024,34
04/03/2024,99
04/03/2024,50
05/03/2024,10
05/03/2024,45
05/03/2024,50
06/03/2024,14
06/03/2024,89
06/03/2024,52
07/03/2024,35
07/03/2024,98
07/03/2024,98
08/03/2024,0
08/03/2024,59
08/03/2024,59
09/03/2024,0
09/03/2024,6
09/03/2024,38
10/03/2024,60
10/03/2024,57
10/03/2024,99
11/03/2024,39
11/03/2024,22
11/03/2024,70
12/03/2024,60
12/03/2024,48
12/03/2024,83
13/03/2024,77
13/03/2024,79
13/03/2024,91
14/03/2024,42
14/03/2024,5
14/03/2024,92
15/03/2024,83
15/03/2024,21
15/03/2024,75
16/03/2024,89
16/03/2024,35
16/03/2024,13
17/03/2024,28
17/03/2024,1
17/03/2024,71
18/03/2024,33
18/03/2024,96
18/03/2024,47
19/03/2024,7
19/03/2024,99
19/03/2024,30
20/03/2024,20
20/03/2024,48
20/03/2024,15
21/03/2024,36
21/03/2024,13
21/03/2024,97
22/03/2024,24
22/03/2024,4
22/03/2024,44
23/03/2024,2
23/03/2024,95
23/03/2024,54
24/03/2024,3
24/03/2024,27
24/03/2024,35
25/03/2024,51
25/03/2024,89
25/03/2024,9
26/03/2024,25
26/03/2024,50
26/03/2024,33
27/03/2024,96
27/03/2024,35
27/03/2024,34
01/04/2024,23
01/04/2024,5
01/04/2024,42
02/04/2024,70
02/04/2024,5
02/04/2024,52
03/04/2024,10
03/04/2024,62
03/04/2024,83
04/04/2024,68
04/04/2024,57
04/04/2024,66
05/04/2024,87
05/04/2024,89
05/04/2024,34
06/04/2024,55
06/04/2024,75
06/04/2024,27
07/04/2024,33
07/04/2024,65
07/04/2024,95
08/04/2024,47
08/04/2024,71
08/04/2024,93
09/04/2024,16
09/04/2024,4
09/04/2024,97
10/04/2024,67
10/04/2024,3
10/04/2024,49
11/04/2024,60
11/04/2024,38
11/04/2024,84
12/04/2024,61
12/04/2024,76
12/04/2024,73
13/04/2024,83
13/04/2024,50
13/04/2024,71
14/04/2024,49
14/04/2024,17
14/04/2024,59
15/04/2024,12
15/04/2024,70
15/04/2024,54
16/04/2024,70
16/04/2024,69
16/04/2024,40
17/04/2024,46
17/04/2024,0
17/04/2024,16
18/04/2024,73
18/04/2024,40
18/04/2024,53
19/04/2024,81
19/04/2024,65
19/04/2024,7
20/04/2024,61
20/04/2024,21
20/04/2024,77
21/04/2024,14
21/04/2024,7
21/04/2024,90
22/04/2024,4
22/04/2024,96
22/04/2024,90
23/04/2024,61
23/04/2024,89
23/04/2024,3
24/04/2024,11
24/04/2024,87
24/04/2024,32
25/04/2024,48
25/04/2024,72
25/04/2024,47
26/04/2024,10
26/04/2024,92
26/04/2024,35
27/04/2024,13
27/04/2024,65
27/04/2024,83
28/04/2024,95
28/04/2024,41
28/04/2024,9
29/04/2024,49
29/04/2024,13
29/04/2024,29
30/04/2024,93
30/04/2024,63
30/04/2024,22
01/05/2024,19
01/05/2024,21
01/05/2024,5
02/05/2024,28
02/05/2024,59
02/05/2024,62
03/05/2024,52
03/05/2024,84
03/05/2024,5
04/05/2024,52
04/05/2024,24
04/05/2024,75
05/05/2024,4
05/05/2024,77
05/05/2024,61
06/05/2024,95
06/05/2024,12
06/05/2024,91
07/05/2024,97
07/05/2024,71
07/05/2024,1
08/05/2024,6
08/05/2024,65
08/05/2024,40
09/05/2024,94
09/05/2024,39
09/05/2024,22
10/05/2024,4
10/05/2024,80
10/05/2024,82
11/05/2024,0
11/05/2024,27
11/05/2024,63
12/05/2024,21
12/05/2024,13
12/05/2024,98
13/05/2024,91
13/05/2024,49
13/05/2024,42
14/05/2024,24
14/05/2024,1
14/05/2024,98
15/05/2024,56
15/05/2024,89
15/05/2024,27
16/05/2024,7
16/05/2024,25
16/05/2024,85
17/05/2024,20
17/05/2024,98
17/05/2024,45
18/05/2024,70
18/05/2024,96
18/05/2024,47
19/05/2024,45
19/05/2024,61
19/05/2024,51
20/05/2024,18
20/05/2024,91
20/05/2024,37
21/05/2024,84
21/05/2024,38
21/05/2024,48
22/05/2024,33
22/05/2024,60
22/05/2024,60
23/05/2024,40
23/05/2024,94
23/05/2024,83
24/05/2024,90
24/05/2024,80
24/05/2024,88
25/05/2024,51
25/05/2024,17
25/05/2024,41
26/05/2024,69
26/05/2024,42
26/05/2024,73
27/05/2024,16
27/05/2024,76
27/05/2024,52
28/05/2024,56
28/05/2024,14
28/05/2024,91
29/05/2024,28
29/05/2024,46
29/05/2024,1
30/05/2024,40
30/05/2024,8
30/05/2024,23
31/05/2024,72
31/05/2024,40
31/05/2024,81
01/06/2024,86
01/06/2024,75
01/06/2024,35
02/06/2024,52
02/06/2024,88
02/06/2024,66
03/06/2024,85
03/06/2024,2
03/06/2024,94
04/06/2024,27
04/06/2024,85
04/06/2024,8
05/06/2024,68
05/06/2024,26
05/06/2024,0
06/06/2024,79
06/06/2024,26
06/06/2024,54
07/06/2024,43
07/06/2024,82
07/06/2024,38
08/06/2024,8
08/06/2024,59
08/06/2024,11
09/06/2024,22
09/06/2024,32
09/06/2024,17
10/06/2024,92
10/06/2024,76
10/06/2024,67
11/06/2024,10
11/06/2024,88
11/06/2024,19
12/06/2024,40
12/06/2024,24
12/06/2024,64
13/06/2024,16
13/06/2024,45
13/06/2024,13
14/06/2024,95
14/06/2024,2
14/06/2024,27
15/06/2024,56
15/06/2024,51
15/06/2024,91
16/06/2024,62
16/06/2024,56
16/06/2024,38
17/06/2024,7
17/06/2024,94
17/06/2024,79
18/06/2024,19
18/06/2024,67
18/06/2024,82
19/06/2024,45
19/06/2024,87
19/06/2024,29
20/06/2024,63
20/06/2024,51
20/06/2024,31
21/06/2024,79
21/06/2024,90
21/06/2024,80
22/06/2024,68
22/06/2024,42
22/06/2024,14
23/06/2024,50
23/06/2024,71
23/06/2024,42
24/06/2024,10
24/06/2024,53
24/06/2024,60
25/06/2024,90
25/06/2024,88
25/06/2024,70
26/06/2024,65
26/06/2024,58
26/06/2024,45
27/06/2024,14
27/06/2024,21
27/06/2024,0
28/06/2024,89
28/06/2024,43
28/06/2024,20
29/06/2024,64
29/06/2024,43
29/06/2024,79
30/06/2024,36
30/06/2024,65
30/06/2024,11
01/07/2024,75
01/07/2024,72
01/07/2024,8
02/07/2024,27
02/07/2024,29
02/07/2024,52
03/07/2024,32
03/07/2024,73
03/07/2024,92
04/07/2024,22
04/07/2024,67
04/07/2024,5
05/07/2024,60
05/07/2024,55
05/07/2024,47
06/07/2024,0
06/07/2024,41
06/07/2024,76
07/07/2024,89
07/07/2024,34
07/07/2024,69
08/07/2024,9
08/07/2024,68
08/07/2024,88
09/07/2024,26
09/07/2024,29
09/07/2024,83
10/07/2024,80
10/07/2024,4
10/07/2024,64
11/07/2024,97
11/07/2024,55
11/07/2024,14
12/07/2024,57
12/07/2024,62
12/07/2024,5
13/07/2024,14
13/07/2024,25
13/07/2024,84
14/07/2024,44
14/07/2024,12
14/07/2024,20
15/07/2024,26
15/07/2024,75
15/07/2024,25
16/07/2024,44
16/07/2024,7
16/07/2024,81
17/07/2024,88
17/07/2024,37
17/07/2024,20
18/07/2024,9
18/07/2024,40
18/07/2024,14
19/07/2024,6
19/07/2024,35
19/07/2024,98
20/07/2024,68
20/07/2024,2
20/07/2024,91
21/07/2024,57
21/07/2024,17
21/07/2024,53
22/07/2024,33
22/07/2024,69
22/07/2024,84
23/07/2024,30
23/07/2024,25
23/07/2024,48
24/07/2024,34
24/07/2024,96
24/07/2024,80
25/07/2024,40
25/07/2024,77
25/07/2024,30
26/07/2024,91
26/07/2024,72
26/07/2024,99
27/07/2024,39
27/07/2024,13
27/07/2024,53
28/07/2024,66
28/07/2024,30
28/07/2024,46
29/07/2024,20
29/07/2024,28
29/07/2024,87
30/07/2024,16
30/07/2024,79
30/07/2024,94
31/07/2024,44
31/07/2024,25
31/07/2024,95
01/08/2024,31
01/08/2024,0
01/08/2024,51
02/08/2024,12
02/08/2024,34
02/08/2024,5
03/08/2024,27
03/08/2024,7
03/08/2024,27
04/08/2024,54
04/08/2024,74
04/08/2024,94
05/08/2024,30
05/08/2024,32
05/08/2024,54
06/08/2024,15
06/08/2024,47
06/08/2024,35
07/08/2024,96
07/08/2024,0
07/08/2024,50
08/08/2024,90
08/08/2024,84
08/08/2024,41
09/08/2024,40
09/08/2024,46
09/08/2024,60
10/08/2024,99
10/08/2024,86
10/08/2024,34
11/08/2024,73
11/08/2024,78
11/08/2024,69
12/08/2024,53
12/08/2024,4
12/08/2024,13
13/08/2024,14
13/08/2024,69
13/08/2024,59
14/08/2024,37
14/08/2024,84
14/08/2024,34
15/08/2024,22
15/08/2024,37
15/08/2024,26
16/08/2024,13
16/08/2024,74
16/08/2024,14
17/08/2024,59
17/08/2024,57
17/08/2024,72
18/08/2024,14
18/08/2024,2
18/08/2024,49
19/08/2024,53
19/08/2024,88
19/08/2024,91
20/08/2024,8
20/08/2024,18
20/08/2024,49
21/08/2024,23
21/08/2024,59
21/08/2024,62
22/08/2024,77
22/08/2024,19
22/08/2024,47
23/08/2024,96
23/08/2024,95
23/08/2024,75
24/08/2024,68
24/08/2024,52
24/08/2024,76
25/08/2024,89
25/08/2024,19
25/08/2024,48
26/08/2024,96
26/08/2024,40
26/08/2024,95
27/08/2024,11
27/08/2024,78
27/08/2024,26
28/08/2024,29
28/08/2024,94
28/08/2024,44
29/08/2024,59
29/08/2024,13
29/08/2024,6
30/08/2024,47
30/08/2024,63
30/08/2024,13
31/08/2024,62
31/08/2024,4
31/08/2024,83
01/09/2024,4
01/09/2024,62
01/09/2024,86
02/09/2024,28
02/09/2024,61
02/09/2024,84
03/09/2024,83
03/09/2024,46
03/09/2024,50
04/09/2024,37
04/09/2024,64
04/09/2024,71
05/09/2024,66
05/09/2024,90
05/09/2024,72
06/09/2024,5
06/09/2024,62
06/09/2024,12
07/09/2024,43
07/09/2024,84
07/09/2024,52
08/09/2024,65
08/09/2024,66
08/09/2024,1
09/09/2024,4
09/09/2024,11
09/09/2024,81
10/09/2024,32
10/09/2024,22
10/09/2024,31
11/09/2024,9
11/09/2024,18
11/09/2024,93
12/09/2024,4
12/09/2024,94
12/09/2024,92
13/09/2024,78
13/09/2024,32
13/09/2024,98
14/09/2024,80
14/09/2024,6
14/09/2024,92
15/09/2024,84
15/09/2024,23
15/09/2024,35
16/09/2024,29
16/09/2024,11
16/09/2024,32
17/09/2024,17
17/09/2024,48
17/09/2024,46
18/09/2024,88
18/09/2024,48
18/09/2024,76
19/09/2024,19
19/09/2024,75
19/09/2024,39
20/09/2024,36
20/09/2024,77
20/09/2024,90
21/09/2024,15
21/09/2024,42
21/09/2024,24
22/09/2024,14
22/09/2024,9
22/09/2024,71
23/09/2024,87
23/09/2024,48
23/09/2024,1
24/09/2024,23
24/09/2024,19
24/09/2024,22
25/09/2024,22
25/09/2024,59
25/09/2024,22
26/09/2024,23
26/09/2024,54
26/09/2024,54
27/09/2024,94
27/09/2024,13
27/09/2024,51
28/09/2024,0
28/09/2024,49
28/09/2024,42
29/09/2024,23
29/09/2024,59
29/09/2024,50
30/09/2024,83
30/09/2024,45
30/09/2024,32
01/10/2024,54
01/10/2024,35
01/10/2024,26
02/10/2024,97
02/10/2024,9
02/10/2024,32
03/10/2024,57
03/10/2024,52
03/10/2024,72
04/10/2024,93
04/10/2024,95
04/10/2024,80
05/10/2024,14
05/10/2024,66
05/10/2024,94
06/10/2024,11
06/10/2024,21
06/10/2024,0
07/10/2024,43
07/10/2024,88
07/10/2024,2
08/10/2024,32
08/10/2024,43
08/10/2024,74
09/10/2024,65
09/10/2024,12
09/10/2024,7
10/10/2024,62
10/10/2024,83
10/10/2024,50
11/10/2024,41
11/10/2024,33
11/10/2024,48
12/10/2024,13
12/10/2024,27
12/10/2024,39
13/10/2024,88
13/10/2024,27
13/10/2024,58
14/10/2024,85
14/10/2024,15
14/10/2024,37
15/10/2024,56
15/10/2024,23
15/10/2024,65
16/10/2024,60
16/10/2024,14
16/10/2024,48
17/10/2024,78
17/10/2024,74
17/10/2024,76
18/10/2024,95
18/10/2024,20
18/10/2024,73
19/10/2024,36
19/10/2024,53
19/10/2024,77
20/10/2024,87
20/10/2024,60
20/10/2024,70
21/10/2024,37
21/10/2024,23
21/10/2024,2
22/10/2024,41
22/10/2024,99
22/10/2024,82
23/10/2024,27
23/10/2024,64
23/10/2024,48
24/10/2024,32
24/10/2024,21
24/10/2024,79
25/10/2024,75
25/10/2024,36
25/10/2024,63
26/10/2024,60
26/10/2024,63
26/10/2024,7
27/10/2024,9
27/10/2024,73
27/10/2024,83
28/10/2024,26
28/10/2024,58
28/10/2024,15
29/10/2024,31
29/10/2024,69
29/10/2024,34
30/10/2024,59
30/10/2024,44
30/10/2024,74
31/10/2024,97
31/10/2024,85
31/10/2024,47
01/11/2024,38
01/11/2024,22
01/11/2024,69
02/11/2024,55
02/11/2024,4
02/11/2024,74
03/11/2024,69
03/11/2024,59
03/11/2024,70
04/11/2024,74
04/11/2024,81
04/11/2024,86
05/11/2024,74
05/11/2024,85
05/11/2024,30
06/11/2024,82
06/11/2024,91
06/11/2024,58
07/11/2024,80
07/11/2024,52
07/11/2024,49
08/11/2024,16
08/11/2024,86
08/11/2024,44
09/11/2024,19
09/11/2024,49
09/11/2024,72
10/11/2024,60
10/11/2024,24
10/11/2024,92
11/11/2024,0
11/11/2024,14
11/11/2024,93
12/11/2024,40
12/11/2024,46
12/11/2024,15
13/11/2024,81
13/11/2024,38
13/11/2024,27
14/11/2024,27
14/11/2024,92
14/11/2024,31
15/11/2024,42
15/11/2024,54
15/11/2024,53
16/11/2024,43
16/11/2024,54
16/11/2024,9
17/11/2024,46
17/11/2024,98
17/11/2024,87
18/11/2024,27
18/11/2024,47
18/11/2024,44
19/11/2024,28
19/11/2024,14
19/11/2024,36
20/11/2024,66
20/11/2024,98
20/11/2024,94
21/11/2024,86
21/11/2024,99
21/11/2024,7
22/11/2024,11
22/11/2024,42
22/11/2024,58
23/11/2024,23
23/11/2024,52
23/11/2024,83
24/11/2024,31
24/11/2024,66
24/11/2024,39
25/11/2024,94
25/11/2024,67
25/11/2024,72
26/11/2024,23
26/11/2024,46
26/11/2024,37
27/11/2024,40
27/11/2024,89
27/11/2024,64
28/11/2024,72
28/11/2024,64
28/11/2024,79
29/11/2024,15
29/11/2024,35
29/11/2024,74
30/11/2024,67
30/11/2024,5
30/11/2024,82
01/12/2024,74
01/12/2024,61
01/12/2024,26
02/12/2024,18
02/12/2024,16
02/12/2024,75
03/12/2024,53
03/12/2024,69
03/12/2024,62
04/12/2024,56
04/12/2024,58
04/12/2024,44
05/12/2024,27
05/12/2024,61
05/12/2024,92
06/12/2024,41
06/12/2024,68
06/12/2024,16
07/12/2024,64
07/12/2024,94
07/12/2024,45
08/12/2024,55
08/12/2024,50
08/12/2024,60
09/12/2024,46
09/12/2024,41
09/12/2024,79
10/12/2024,75
10/12/2024,94
10/12/2024,19
11/12/2024,56
11/12/2024,97
11/12/2024,45
12/12/2024,97
12/12/2024,51
12/12/2024,0
13/12/2024,59
13/12/2024,88
13/12/2024,37
14/12/2024,95
14/12/2024,95
14/12/2024,87
15/12/2024,8
15/12/2024,75
15/12/2024,43
16/12/2024,70
16/12/2024,2
16/12/2024,67
17/12/2024,52
17/12/2024,71
17/12/2024,16
18/12/2024,47
18/12/2024,34
18/12/2024,81
19/12/2024,12
19/12/2024,72
19/12/2024,8
20/12/2024,40
20/12/2024,52
20/12/2024,51
21/12/2024,93
21/12/2024,87
21/12/2024,76
22/12/2024,38
22/12/2024,76
22/12/2024,97
23/12/2024,85
23/12/2024,11
23/12/2024,62
24/12/2024,10
24/12/2024,13
26/12/2024,82
26/12/2024,14
26/12/2024,70
27/12/2024,61
27/12/2024,73
27/12/2024,15
28/12/2024,29
28/12/2024,46
28/12/2024,33
29/12/2024,35
29/12/2024,19
29/12/2024,49
30/12/2024,61
30/12/2024,39
30/12/2024,67
31/12/2024,22
31/12/2024,15
02/01/2025,33
02/01/2025,42
02/01/2025,76
03/01/2025,48
03/01/2025,32
03/01/2025,63
04/01/2025,97
04/01/2025,40
04/01/2025,97
05/01/2025,51
05/01/2025,43
05/01/2025,90
06/01/2025,63
06/01/2025,2
06/01/2025,70
07/01/2025,70
07/01/2025,34
07/01/2025,42
08/01/2025,8
08/01/2025,21
08/01/2025,51
09/01/2025,5
09/01/2025,37
09/01/2025,21
10/01/2025,71
10/01/2025,57
10/01/2025,46
11/01/2025,18
11/01/2025,44
11/01/2025,13
12/01/2025,41
12/01/2025,85
12/01/2025,13
13/01/2025,0
13/01/2025,24
13/01/2025,95
14/01/2025,76
14/01/2025,61
14/01/2025,42
15/01/2025,19
15/01/2025,34
15/01/2025,9
16/01/2025,16
16/01/2025,45
16/01/2025,83
17/01/2025,65
17/01/2025,13
17/01/2025,27
18/01/2025,20
18/01/2025,32
18/01/2025,76
19/01/2025,39
19/01/2025,69
19/01/2025,36
20/01/2025,36
20/01/2025,7
20/01/2025,45
21/01/2025,14
21/01/2025,23
21/01/2025,95
22/01/2025,44
22/01/2025,29
22/01/2025,51
23/01/2025,78
23/01/2025,44
23/01/2025,7
24/01/2025,62
24/01/2025,79
24/01/2025,78
25/01/2025,79
25/01/2025,10
25/01/2025,98
26/01/2025,47
26/01/2025,94
26/01/2025,9
27/01/2025,32
27/01/2025,25
27/01/2025,99
28/01/2025,55
28/01/2025,17
28/01/2025,55
29/01/2025,75
29/01/2025,20
29/01/2025,75
30/01/2025,90
30/01/2025,53
30/01/2025,3
31/01/2025,11
31/01/2025,94
31/01/2025,53
01/02/2025,92
01/02/2025,32
01/02/2025,27
02/02/2025,23
02/02/2025,83
02/02/2025,43
03/02/2025,59
03/02/2025,8
03/02/2025,20
04/02/2025,1
04/02/2025,81
04/02/2025,16
05/02/2025,70
05/02/2025,57
05/02/2025,77
06/02/2025,1
06/02/2025,76
06/02/2025,21
07/02/2025,1
07/02/2025,99
07/02/2025,88
08/02/2025,31
08/02/2025,42
08/02/2025,7
09/02/2025,74
09/02/2025,93
09/02/2025,64
10/02/2025,57
10/02/2025,5
10/02/2025,0
11/02/2025,21
11/02/2025,44
11/02/2025,69
12/02/2025,5
12/02/2025,80
12/02/2025,76
13/02/2025,83
13/02/2025,81
13/02/2025,91
14/02/2025,4
14/02/2025,96
14/02/2025,35
15/02/2025,45
15/02/2025,91
15/02/2025,61
16/02/2025,4
16/02/2025,77
16/02/2025,84
17/02/2025,22
17/02/2025,98
17/02/2025,51
18/02/2025,53
18/02/2025,93
18/02/2025,25
19/02/2025,29
19/02/2025,12
19/02/2025,78
20/02/2025,64
20/02/2025,95
20/02/2025,28
21/02/2025,27
21/02/2025,54
21/02/2025,93
22/02/2025,98
22/02/2025,81
22/02/2025,41
23/02/2025,90
23/02/2025,99
23/02/2025,76
24/02/2025,26
24/02/2025,85
24/02/2025,9
25/02/2025,71
25/02/2025,31
25/02/2025,23
26/02/2025,38
26/02/2025,59
26/02/2025,21
27/02/2025,57
27/02/2025,27
27/02/2025,63
28/02/2025,27
28/02/2025,79
28/02/2025,64
01/03/2025,46
01/03/2025,55
01/03/2025,71
02/03/2025,37
02/03/2025,77
02/03/2025,66
03/03/2025,77
03/03/2025,43
03/03/2025,71
04/03/2025,94
04/03/2025,53
04/03/2025,69
05/03/2025,96
05/03/2025,65
05/03/2025,99
06/03/2025,56
06/03/2025,81
06/03/2025,17
07/03/2025,47
07/03/2025,88
07/03/2025,62
08/03/2025,91
08/03/2025,9
08/03/2025,59
09/03/2025,82
09/03/2025,70
09/03/2025,46
10/03/2025,21
10/03/2025,38
10/03/2025,0
11/03/2025,57
11/03/2025,36
11/03/2025,8
12/03/2025,27
12/03/2025,65
12/03/2025,75
13/03/2025,16
13/03/2025,94
13/03/2025,0
14/03/2025,83
14/03/2025,38
14/03/2025,52
15/03/2025,40
15/03/2025,9
15/03/2025,28
16/03/2025,38
16/03/2025,74
16/03/2025,64
17/03/2025,20
17/03/2025,64
17/03/2025,3
18/03/2025,1
18/03/2025,54
18/03/2025,73
19/03/2025,76
19/03/2025,55
19/03/2025,80
20/03/2025,87
20/03/2025,90
20/03/2025,83
21/03/2025,77
21/03/2025,3
21/03/2025,38
22/03/2025,40
22/03/2025,63
22/03/2025,35
23/03/2025,60
23/03/2025,2
23/03/2025,44
24/03/2025,81
24/03/2025,88
24/03/2025,54
25/03/2025,24
25/03/2025,8
25/03/2025,73
26/03/2025,50
26/03/2025,97
26/03/2025,4
27/03/2025,72
27/03/2025,65
27/03/2025,22
28/03/2025,13
28/03/2025,49
28/03/2025,24
29/03/2025,64
29/03/2025,57
29/03/2025,10
30/03/2025,18
30/03/2025,11
30/03/2025,26
31/03/2025,79
31/03/2025,73
31/03/2025,24
01/04/2025,64
01/04/2025,91
01/04/2025,33
02/04/2025,77
02/04/2025,91
02/04/2025,25
03/04/2025,34
03/04/2025,82
03/04/2025,10
04/04/2025,6
04/04/2025,50
04/04/2025,35
05/04/2025,44
05/04/2025,51
05/04/2025,19
06/04/2025,74
06/04/2025,57
06/04/2025,26
07/04/2025,61
07/04/2025,91
07/04/2025,76
08/04/2025,81
08/04/2025,92
08/04/2025,44
09/04/2025,36
09/04/2025,43
09/04/2025,5
10/04/2025,75
10/04/2025,69
10/04/2025,98
11/04/2025,58
11/04/2025,92
11/04/2025,2
12/04/2025,76
12/04/2025,97
12/04/2025,97
13/04/2025,70
13/04/2025,93
13/04/2025,31
14/04/2025,97
14/04/2025,31
14/04/2025,78
15/04/2025,60
15/04/2025,87
15/04/2025,69
16/04/2025,94
16/04/2025,63
16/04/2025,17
21/04/2025,47
21/04/2025,43
21/04/2025,68
22/04/2025,27
22/04/2025,27
22/04/2025,80
23/04/2025,69
23/04/2025,93
23/04/2025,84
24/04/2025,65
24/04/2025,43
24/04/2025,3
25/04/2025,53
25/04/2025,77
25/04/2025,16
26/04/2025,69
26/04/2025,81
26/04/2025,8
27/04/2025,7
27/04/2025,29
27/04/2025,21
28/04/2025,51
28/04/2025,40
28/04/2025,22
29/04/2025,80
29/04/2025,92
29/04/2025,3
30/04/2025,5
30/04/2025,39
30/04/2025,22
01/05/2025,17
01/05/2025,62
01/05/2025,56
02/05/2025,22
02/05/2025,85
02/05/2025,67
03/05/2025,65
03/05/2025,94
03/05/2025,62
04/05/2025,85
04/05/2025,30
04/05/2025,9
05/05/2025,63
05/05/2025,62
05/05/2025,68
06/05/2025,4
06/05/2025,82
06/05/2025,20
07/05/2025,89
07/05/2025,84
07/05/2025,9
08/05/2025,45
08/05/2025,66
08/05/2025,57
09/05/2025,27
09/05/2025,29
09/05/2025,69
10/05/2025,62
10/05/2025,53
10/05/2025,13
11/05/2025,50
11/05/2025,91
11/05/2025,89
12/05/2025,25
12/05/2025,68
12/05/2025,36
13/05/2025,14
13/05/2025,75
13/05/2025,52
14/05/2025,54
14/05/2025,57
14/05/2025,6
15/05/2025,57
15/05/2025,60
15/05/2025,18
16/05/2025,54
16/05/2025,75
16/05/2025,86
17/05/2025,99
17/05/2025,39
17/05/2025,92
18/05/2025,42
18/05/2025,95
18/05/2025,37
19/05/2025,44
19/05/2025,92
19/05/2025,23
20/05/2025,35
20/05/2025,41
20/05/2025,55
21/05/2025,81
21/05/2025,17
21/05/2025,40
22/05/2025,88
22/05/2025,42
22/05/2025,38
23/05/2025,9
23/05/2025,93
23/05/2025,94
24/05/2025,15
24/05/2025,56
24/05/2025,37
25/05/2025,89
25/05/2025,14
25/05/2025,63
26/05/2025,42
26/05/2025,86
26/05/2025,62
27/05/2025,99
27/05/2025,52
27/05/2025,26
28/05/2025,3
28/05/2025,96
28/05/2025,33
29/05/2025,97
29/05/2025,65
29/05/2025,87
30/05/2025,37
30/05/2025,28
30/05/2025,62
31/05/2025,8
31/05/2025,12
31/05/2025,44
01/06/2025,77
01/06/2025,48
01/06/2025,87
02/06/2025,9
02/06/2025,68
02/06/2025,56
03/06/2025,22
03/06/2025,27
03/06/2025,26
04/06/2025,27
04/06/2025,91
04/06/2025,20
05/06/2025,51
05/06/2025,35
05/06/2025,22
06/06/2025,55
06/06/2025,61
06/06/2025,65
07/06/2025,5
07/06/2025,31
07/06/2025,42
08/06/2025,87
08/06/2025,39
08/06/2025,20
09/06/2025,21
09/06/2025,2
09/06/2025,24
10/06/2025,41
10/06/2025,57
10/06/2025,56
11/06/2025,3
11/06/2025,53
11/06/2025,6
12/06/2025,45
12/06/2025,30
12/06/2025,44
13/06/2025,81
13/06/2025,66
13/06/2025,53
14/06/2025,77
14/06/2025,35
14/06/2025,16
15/06/2025,38
15/06/2025,1
15/06/2025,87
16/06/2025,83
16/06/2025,99
16/06/2025,98
17/06/2025,1
17/06/2025,77
17/06/2025,65
18/06/2025,81
18/06/2025,82
18/06/2025,82
19/06/2025,46
19/06/2025,25
19/06/2025,58
20/06/2025,65
20/06/2025,28
20/06/2025,23
21/06/2025,2
21/06/2025,87
21/06/2025,55
22/06/2025,4
22/06/2025,73
22/06/2025,13
23/06/2025,32
23/06/2025,12
23/06/2025,4
24/06/2025,13
24/06/2025,70
24/06/2025,62
25/06/2025,28
25/06/2025,78
25/06/2025,33
26/06/2025,34
26/06/2025,98
26/06/2025,34
27/06/2025,9
27/06/2025,30
27/06/2025,79
28/06/2025,93
28/06/2025,60
28/06/2025,26
29/06/2025,2
29/06/2025,6
29/06/2025,55
30/06/2025,80
30/06/2025,98
30/06/2025,91
01/07/2025,40
01/07/2025,5
01/07/2025,9
02/07/2025,84
02/07/2025,55
02/07/2025,67
03/07/2025,5
03/07/2025,59
03/07/2025,34
04/07/2025,33
04/07/2025,60
04/07/2025,8
05/07/2025,74
05/07/2025,92
05/07/2025,11
06/07/2025,9
06/07/2025,83
06/07/2025,52
07/07/2025,36
07/07/2025,15
07/07/2025,22
08/07/2025,78
08/07/2025,71
08/07/2025,96
09/07/2025,93
09/07/2025,15
09/07/2025,82
10/07/2025,64
10/07/2025,72
10/07/2025,11
11/07/2025,90
11/07/2025,49
11/07/2025,40
12/07/2025,33
12/07/2025,84
12/07/2025,14
13/07/2025,98
13/07/2025,44
13/07/2025,61
14/07/2025,27
14/07/2025,61
14/07/2025,66
15/07/2025,23
15/07/2025,61
15/07/2025,48
16/07/2025,6
16/07/2025,53
16/07/2025,20
17/07/2025,85
17/07/2025,96
17/07/2025,27
18/07/2025,0
18/07/2025,14
18/07/2025,96
19/07/2025,85
19/07/2025,47
19/07/2025,89
20/07/2025,6
20/07/2025,31
20/07/2025,46
21/07/2025,57
21/07/2025,40
21/07/2025,89
22/07/2025,96
22/07/2025,53
22/07/2025,29
23/07/2025,30
23/07/2025,71
23/07/2025,35
24/07/2025,64
24/07/2025,4
24/07/2025,88
25/07/2025,54
25/07/2025,75
25/07/2025,39
26/07/2025,29
26/07/2025,31
26/07/2025,80
27/07/2025,25
27/07/2025,4
27/07/2025,69
28/07/2025,38
28/07/2025,4
28/07/2025,53
29/07/2025,74
29/07/2025,65
29/07/2025,67
30/07/2025,31
30/07/2025,89
30/07/2025,92
31/07/2025,87
31/07/2025,32
31/07/2025,93
01/08/2025,12
01/08/2025,98
01/08/2025,52
02/08/2025,60
02/08/2025,52
02/08/2025,26
03/08/2025,66
03/08/2025,90
03/08/2025,45
04/08/2025,99
04/08/2025,98
04/08/2025,29
05/08/2025,90
05/08/2025,0
05/08/2025,24
06/08/2025,40
06/08/2025,95
06/08/2025,49
07/08/2025,59
07/08/2025,40
07/08/2025,56
08/08/2025,9
08/08/2025,97
08/08/2025,21
09/08/2025,29
09/08/2025,87
09/08/2025,59
10/08/2025,0
10/08/2025,74
10/08/2025,35
11/08/2025,11
11/08/2025,16
11/08/2025,59
12/08/2025,64
12/08/2025,30
12/08/2025,79
13/08/2025,86
13/08/2025,99
13/08/2025,1
14/08/2025,25
14/08/2025,28
14/08/2025,56
15/08/2025,23
15/08/2025,88
15/08/2025,22
16/08/2025,9
16/08/2025,30
16/08/2025,74
17/08/2025,70
17/08/2025,0
17/08/2025,71
18/08/2025,7
18/08/2025,71
18/08/2025,83
19/08/2025,76
19/08/2025,79
19/08/2025,78
20/08/2025,2
20/08/2025,43
20/08/2025,16
21/08/2025,11
21/08/2025,7
21/08/2025,3
22/08/2025,76
22/08/2025,40
22/08/2025,21
23/08/2025,14
23/08/2025,0
23/08/2025,7
24/08/2025,83
24/08/2025,47
24/08/2025,51
25/08/2025,3
25/08/2025,19
25/08/2025,21
26/08/2025,19
26/08/2025,58
26/08/2025,39
27/08/2025,68
27/08/2025,38
27/08/2025,16
28/08/2025,34
28/08/2025,69
28/08/2025,30
29/08/2025,35
29/08/2025,45
29/08/2025,21
30/08/2025,24
30/08/2025,16
30/08/2025,27
31/08/2025,65
31/08/2025,10
31/08/2025,9
01/09/2025,48
01/09/2025,22
01/09/2025,33
02/09/2025,83
02/09/2025,0
02/09/2025,82
03/09/2025,29
03/09/2025,9
03/09/2025,20
04/09/2025,78
04/09/2025,26
04/09/2025,52
05/09/2025,46
05/09/2025,75
05/09/2025,94
06/09/2025,28
06/09/2025,94
06/09/2025,53
07/09/2025,70
07/09/2025,63
07/09/2025,58
08/09/2025,52
08/09/2025,0
08/09/2025,39
09/09/2025,42
09/09/2025,15
09/09/2025,7
10/09/2025,14
10/09/2025,9
10/09/2025,39
11/09/2025,21
11/09/2025,60
11/09/2025,34
12/09/2025,1
12/09/2025,3
12/09/2025,5
13/09/2025,47
13/09/2025,4
13/09/2025,58
14/09/2025,81
14/09/2025,55
14/09/2025,67
15/09/2025,88
15/09/2025,17
15/09/2025,12
16/09/2025,38
16/09/2025,81
16/09/2025,95
17/09/2025,42
17/09/2025,90
17/09/2025,76
18/09/2025,55
18/09/2025,58
18/09/2025,5
19/09/2025,20
19/09/2025,22
19/09/2025,14
20/09/2025,69
20/09/2025,75
20/09/2025,25
21/09/2025,3
21/09/2025,90
21/09/2025,60
22/09/2025,22
22/09/2025,32
22/09/2025,93
23/09/2025,89
23/09/2025,84
23/09/2025,77
24/09/2025,70
24/09/2025,36
24/09/2025,52
25/09/2025,4
25/09/2025,5
25/09/2025,38
26/09/2025,50
26/09/2025,1
26/09/2025,72
27/09/2025,54
27/09/2025,72
27/09/2025,73
28/09/2025,47
28/09/2025,35
28/09/2025,24
29/09/2025,55
29/09/2025,68
29/09/2025,96
30/09/2025,40
30/09/2025,56
30/09/2025,15
01/10/2025,88
01/10/2025,70
01/10/2025,1
02/10/2025,70
02/10/2025,45
02/10/2025,32
03/10/2025,83
03/10/2025,89
03/10/2025,72
04/10/2025,55
04/10/2025,47
04/10/2025,42
05/10/2025,2
05/10/2025,63
05/10/2025,85
06/10/2025,9
06/10/2025,97
06/10/2025,52
07/10/2025,70
07/10/2025,3
07/10/2025,43
08/10/2025,8
08/10/2025,48
08/10/2025,38
09/10/2025,83
09/10/2025,39
09/10/2025,12
10/10/2025,88
10/10/2025,15
10/10/2025,86
11/10/2025,24
11/10/2025,93
11/10/2025,99
12/10/2025,22
12/10/2025,98
12/10/2025,15
13/10/2025,67
13/10/2025,44
13/10/2025,79
14/10/2025,16
14/10/2025,56
14/10/2025,1
15/10/2025,38
15/10/2025,56
15/10/2025,27
16/10/2025,12
16/10/2025,87
16/10/2025,62
17/10/2025,44
17/10/2025,37
17/10/2025,2
18/10/2025,13
18/10/2025,38
18/10/2025,62
19/10/2025,62
19/10/2025,55
19/10/2025,60
20/10/2025,47
20/10/2025,91
20/10/2025,12
21/10/2025,73
21/10/2025,52
21/10/2025,31
22/10/2025,32
22/10/2025,80
22/10/2025,13
23/10/2025,74
23/10/2025,1
23/10/2025,3
24/10/2025,2
24/10/2025,44
24/10/2025,17
25/10/2025,50
25/10/2025,9
25/10/2025,51
26/10/2025,55
26/10/2025,0
26/10/2025,77
27/10/2025,56
27/10/2025,53
27/10/2025,39
28/10/2025,18
28/10/2025,9
28/10/2025,22
29/10/2025,35
29/10/2025,43
29/10/2025,51
30/10/2025,71
30/10/2025,56
30/10/2025,38
31/10/2025,74
31/10/2025,51
31/10/2025,85
01/11/2025,44
01/11/2025,17
01/11/2025,47
02/11/2025,91
02/11/2025,68
02/11/2025,73
03/11/2025,86
03/11/2025,91
03/11/2025,22
04/11/2025,65
04/11/2025,83
04/11/2025,17
05/11/2025,62
05/11/2025,79
05/11/2025,46
06/11/2025,59
06/11/2025,11
06/11/2025,72
07/11/2025,59
07/11/2025,87
07/11/2025,7
08/11/2025,13
08/11/2025,49
08/11/2025,35
09/11/2025,22
09/11/2025,49
09/11/2025,7
10/11/2025,42
10/11/2025,28
10/11/2025,11
11/11/2025,50
11/11/2025,43
11/11/2025,0
12/11/2025,98
12/11/2025,59
12/11/2025,35
13/11/2025,76
13/11/2025,71
13/11/2025,43
14/11/2025,42
14/11/2025,70
14/11/2025,65
15/11/2025,80
15/11/2025,92
15/11/2025,56
16/11/2025,69
16/11/2025,24
16/11/2025,31
17/11/2025,5
17/11/2025,29
17/11/2025,3
18/11/2025,47
18/11/2025,33
18/11/2025,32
19/11/2025,84
19/11/2025,56
19/11/2025,15
20/11/2025,7
20/11/2025,79
20/11/2025,88
21/11/2025,91
21/11/2025,45
21/11/2025,2
22/11/2025,49
22/11/2025,37
22/11/2025,45
23/11/2025,33
23/11/2025,62
23/11/2025,99
24/11/2025,4
24/11/2025,81
24/11/2025,38
25/11/2025,49
25/11/2025,81
25/11/2025,91
26/11/2025,15
26/11/2025,40
26/11/2025,29
27/11/2025,31
27/11/2025,43
27/11/2025,87
28/11/2025,12
28/11/2025,78
28/11/2025,10
29/11/2025,73
29/11/2025,55
29/11/2025,25
30/11/2025,80
30/11/2025,5
30/11/2025,78
01/12/2025,79
01/12/2025,78
01/12/2025,37
02/12/2025,85
02/12/2025,28
02/12/2025,39
03/12/2025,37
03/12/2025,37
03/12/2025,22
04/12/2025,16
04/12/2025,89
04/12/2025,81
05/12/2025,12
05/12/2025,56
05/12/2025,68
06/12/2025,43
06/12/2025,43
06/12/2025,57
07/12/2025,53
07/12/2025,4
07/12/2025,17
08/12/2025,37
08/12/2025,89
08/12/2025,11
09/12/2025,2
09/12/2025,79
09/12/2025,74
10/12/2025,4
10/12/2025,40
10/12/2025,26
11/12/2025,85
11/12/2025,48
11/12/2025,31
12/12/2025,52
12/12/2025,46
12/12/2025,76
13/12/2025,59
13/12/2025,11
13/12/2025,44
14/12/2025,93
14/12/2025,64
14/12/2025,78
15/12/2025,86
15/12/2025,80
15/12/2025,59
16/12/2025,21
16/12/2025,89
16/12/2025,60
17/12/2025,45
17/12/2025,42
17/12/2025,84
18/12/2025,55
18/12/2025,81
18/12/2025,33
19/12/2025,97
19/12/2025,63
19/12/2025,72
20/12/2025,0
20/12/2025,67
20/12/2025,1
21/12/2025,37
21/12/2025,87
21/12/2025,82
22/12/2025,9
22/12/2025,37
22/12/2025,8
23/12/2025,24
23/12/2025,17
23/12/2025,24
24/12/2025,52
24/12/2025,19
26/12/2025,76
26/12/2025,15
26/12/2025,69
27/12/2025,9
27/12/2025,18
27/12/2025,91
28/12/2025,78
28/12/2025,80
28/12/2025,35
29/12/2025,2
29/12/2025,75
29/12/2025,1
30/12/2025,79
30/12/2025,65
30/12/2025,74
31/12/2025,50
31/12/2025,14
02/01/2026,30
02/01/2026,67
02/01/2026,6
03/01/2026,90
03/01/2026,82
03/01/2026,38
04/01/2026,48
04/01/2026,4
04/01/2026,3
05/01/2026,4
05/01/2026,61
05/01/2026,25
06/01/2026,36
06/01/2026,18
06/01/2026,96
07/01/2026,20
07/01/2026,58
07/01/2026,73
08/01/2026,29
08/01/2026,33
08/01/2026,76
09/01/2026,95
09/01/2026,89
09/01/2026,19
10/01/2026,14
10/01/2026,87
10/01/2026,19
11/01/2026,57
11/01/2026,27
11/01/2026,63
12/01/2026,97
12/01/2026,26
12/01/2026,10
13/01/2026,26
13/01/2026,32
13/01/2026,55
14/01/2026,36
14/01/2026,99
14/01/2026,99
15/01/2026,48
15/01/2026,75
15/01/2026,72
16/01/2026,88
16/01/2026,74
16/01/2026,0
17/01/2026,45
17/01/2026,54
17/01/2026,33
18/01/2026,1
18/01/2026,6
18/01/2026,63
19/01/2026,1
19/01/2026,22
19/01/2026,96
20/01/2026,25
20/01/2026,39
20/01/2026,76
21/01/2026,9
21/01/2026,68
21/01/2026,37
22/01/2026,89
22/01/2026,78
22/01/2026,13
23/01/2026,80
23/01/2026,31
23/01/2026,45
24/01/2026,70
24/01/2026,24
24/01/2026,1
25/01/2026,18
25/01/2026,96
25/01/2026,85
26/01/2026,44
26/01/2026,34
26/01/2026,83
27/01/2026,97
27/01/2026,3
27/01/2026,58
28/01/2026,27
28/01/2026,72
28/01/2026,69
29/01/2026,99
29/01/2026,16
29/01/2026,66
30/01/2026,82
30/01/2026,92
30/01/2026,36
31/01/2026,52
31/01/2026,67
31/01/2026,63
02/02/2026,46
02/02/2026,74
02/02/2026,45
03/02/2026,53
03/02/2026,97
03/02/2026,84
04/02/2026,74
04/02/2026,17
04/02/2026,35
05/02/2026,83
05/02/2026,46
05/02/2026,38
06/02/2026,73
06/02/2026,93
06/02/2026,2
07/02/2026,33
07/02/2026,27
07/02/2026,69
08/02/2026,25
08/02/2026,71
08/02/2026,99
09/02/2026,11
09/02/2026,91
09/02/2026,8
10/02/2026,77
10/02/2026,3
10/02/2026,7
11/02/2026,71
11/02/2026,30
11/02/2026,30
12/02/2026,1
12/02/2026,18
12/02/2026,25
13/02/2026,44
13/02/2026,81
13/02/2026,91
14/02/2026,40
14/02/2026,99
14/02/2026,52
15/02/2026,18
15/02/2026,47
15/02/2026,32
16/02/2026,52
16/02/2026,6
16/02/2026,35
17/02/2026,96
17/02/2026,94
17/02/2026,70
18/02/2026,20
18/02/2026,12
18/02/2026,12
19/02/2026,53
19/02/2026,20
19/02/2026,41
20/02/2026,86
20/02/2026,97
20/02/2026,21
21/02/2026,24
21/02/2026,97
21/02/2026,87
22/02/2026,91
22/02/2026,96
22/02/2026,0
23/02/2026,4
23/02/2026,99
23/02/2026,43
24/02/2026,95
24/02/2026,32
24/02/2026,33
25/02/2026,14
25/02/2026,45
25/02/2026,64
26/02/2026,37
26/02/2026,1
26/02/2026,91
27/02/2026,18
27/02/2026,59
27/02/2026,98
28/02/2026,10
28/02/2026,14
28/02/2026,80
01/03/2026,88
01/03/2026,16
01/03/2026,59
02/03/2026,63
02/03/2026,31
02/03/2026,4
03/03/2026,30
03/03/2026,79
03/03/2026,85
04/03/2026,55
04/03/2026,55
04/03/2026,14
05/03/2026,54
05/03/2026,88
05/03/2026,57
06/03/2026,4
06/03/2026,15
06/03/2026,51
07/03/2026,26
07/03/2026,2
07/03/2026,4
08/03/2026,67
08/03/2026,17
08/03/2026,11
09/03/2026,44
09/03/2026,64
09/03/2026,13
10/03/2026,51
10/03/2026,46
10/03/2026,31
11/03/2026,63
11/03/2026,12
11/03/2026,2
12/03/2026,23
12/03/2026,43
12/03/2026,28
13/03/2026,99
13/03/2026,76
13/03/2026,8
14/03/2026,82
14/03/2026,6
14/03/2026,7
15/03/2026,69
15/03/2026,99
15/03/2026,72
16/03/2026,97
16/03/2026,33
16/03/2026,22
17/03/2026,55
17/03/2026,88
17/03/2026,66
18/03/2026,29
18/03/2026,86
18/03/2026,15
19/03/2026,41
19/03/2026,41
19/03/2026,49
20/03/2026,77
20/03/2026,21
20/03/2026,22
21/03/2026,77
21/03/2026,53
21/03/2026,48
22/03/2026,13
22/03/2026,22
22/03/2026,14
23/03/2026,4
23/03/2026,25
23/03/2026,99
24/03/2026,71
24/03/2026,71
24/03/2026,37
25/03/2026,9
25/03/2026,14
25/03/2026,72
26/03/2026,6
26/03/2026,58
26/03/2026,1
27/03/2026,7
27/03/2026,23
27/03/2026,28
28/03/2026,62
28/03/2026,46
28/03/2026,42
29/03/2026,14
29/03/2026,33
29/03/2026,46
30/03/2026,45
30/03/2026,11
30/03/2026,17
31/03/2026,55
31/03/2026,8
31/03/2026,78
01/04/2026,59
01/04/2026,74
01/04/2026,16
06/04/2026,48
06/04/2026,17
06/04/2026,85
07/04/2026,42
07/04/2026,98
07/04/2026,16
08/04/2026,71
08/04/2026,61
08/04/2026,76
09/04/2026,54
09/04/2026,69
09/04/2026,12
10/04/2026,8
10/04/2026,96
10/04/2026,27
11/04/2026,20
11/04/2026,68
11/04/2026,80
12/04/2026,47
12/04/2026,46
12/04/2026,81
13/04/2026,54
13/04/2026,68
13/04/2026,91
14/04/2026,26
14/04/2026,68
14/04/2026,62
15/04/2026,50
15/04/2026,2
15/04/2026,12
16/04/2026,63
16/04/2026,47
16/04/2026,18
17/04/2026,49
17/04/2026,88
19/04/2026,85
19/04/2026,47
19/04/2026,77
20/04/2026,58
20/04/2026,43
20/04/2026,5
21/04/2026,43
21/04/2026,33
21/04/2026,73
22/04/2026,25
22/04/2026,69
23/04/2026,33
23/04/2026,65
23/04/2026,83
24/04/2026,64
24/04/2026,26
24/04/2026,32
25/04/2026,31
25/04/2026,40
25/04/2026,69
26/04/2026,50
26/04/2026,64
26/04/2026,96
27/04/2026,82
27/04/2026,66
27/04/2026,96
28/04/2026,2
28/04/2026,46
29/04/2026,41
29/04/2026,17
02/05/2026,2
02/05/2026,50
02/05/2026,30
03/05/2026,77
03/05/2026,23
04/05/2026,0
04/05/2026,97
04/05/2026,52
05/05/2026,76
05/05/2026,18
05/05/2026,2
06/05/2026,59
06/05/2026,99
07/05/2026,87
07/05/2026,63
07/05/2026,9
08/05/2026,66
08/05/2026,85
08/05/2026,92
09/05/2026,51
09/05/2026,29
13/05/2026,72
13/05/2026,71
13/05/2026,14
14/05/2026,30
14/05/2026,78
14/05/2026,1
15/05/2026,68
15/05/2026,86
15/05/2026,82
16/05/2026,56
16/05/2026,71
16/05/2026,61
17/05/2026,90
17/05/2026,89
17/05/2026,85
18/05/2026,27
18/05/2026,86
18/05/2026,49
19/05/2026,6
19/05/2026,6
19/05/2026,24
20/05/2026,3
20/05/2026,44
20/05/2026,95
21/05/2026,83
21/05/2026,75
21/05/2026,21
22/05/2026,6
22/05/2026,66
23/05/2026,97
23/05/2026,2
23/05/2026,54
24/05/2026,39
24/05/2026,36
24/05/2026,5
25/05/2026,0
25/05/2026,29
25/05/2026,30
26/05/2026,46
26/05/2026,49
26/05/2026,53
27/05/2026,24
27/05/2026,57
27/05/2026,10
28/05/2026,11
28/05/2026,98
28/05/2026,45
29/05/2026,94
29/05/2026,71
29/05/2026,30
30/05/2026,4
31/05/2026,79
31/05/2026,35
31/05/2026,29
01/06/2026,7
01/06/2026,78
01/06/2026,42
02/06/2026,24
02/06/2026,88
